2026-03-10  9:39:37 0 [Note] Starting MariaDB 10.4.28-MariaDB source revision c8f2e9a5c0ac5905f28b050b7df5a9ffd914b7e7 as process 3500
2026-03-10  9:39:37 0 [Note] InnoDB: Mutexes and rw_locks use Windows interlocked functions
2026-03-10  9:39:37 0 [Note] InnoDB: Uses event mutexes
2026-03-10  9:39:37 0 [Note] InnoDB: Compressed tables use zlib 1.2.12
2026-03-10  9:39:37 0 [Note] InnoDB: Number of pools: 1
2026-03-10  9:39:37 0 [Note] InnoDB: Using SSE2 crc32 instructions
2026-03-10  9:39:37 0 [Note] InnoDB: Initializing buffer pool, total size = 256M, instances = 1, chunk size = 128M
2026-03-10  9:39:37 0 [Note] InnoDB: Completed initialization of buffer pool
2026-03-10  9:39:37 0 [Note] InnoDB: Starting crash recovery from checkpoint LSN=300288
2026-03-10  9:39:37 0 [Note] InnoDB: Resizing redo log from 2*5242880 to 2*67108864 bytes; LSN=300306
2026-03-10  9:39:38 0 [Note] InnoDB: Starting to delete and rewrite log files.
2026-03-10  9:39:38 0 [Note] InnoDB: Setting log file C:\moodle\server\mysql\data\ib_logfile101 size to 67108864 bytes
2026-03-10  9:39:38 0 [Note] InnoDB: Setting log file C:\moodle\server\mysql\data\ib_logfile1 size to 67108864 bytes
2026-03-10  9:39:38 0 [Note] InnoDB: Renaming log file C:\moodle\server\mysql\data\ib_logfile101 to C:\moodle\server\mysql\data\ib_logfile0
2026-03-10  9:39:38 0 [Note] InnoDB: New log files created, LSN=300306
2026-03-10  9:39:38 0 [ERROR] InnoDB: Operating system error number 3 in a file operation.
2026-03-10  9:39:38 0 [ERROR] InnoDB: The error means the system cannot find the path specified.
2026-03-10  9:39:38 0 [ERROR] InnoDB: If you are installing InnoDB, remember that you must create directories yourself, InnoDB does not create them.
2026-03-10  9:39:38 0 [ERROR] InnoDB: Cannot open datafile for read-only: '.\phpmyadmin\pma__bookmark.ibd' OS error: 203
2026-03-10  9:39:38 0 [ERROR] InnoDB: Operating system error number 203 in a file operation.
2026-03-10  9:39:38 0 [Note] InnoDB: Some operating system error numbers are described at https://mariadb.com/kb/en/library/operating-system-error-codes/
2026-03-10  9:39:38 0 [ERROR] InnoDB: Could not find a valid tablespace file for ``phpmyadmin`.`pma__bookmark``. Please refer to https://mariadb.com/kb/en/innodb-data-dictionary-troubleshooting/ for how to resolve the issue.
2026-03-10  9:39:38 0 [Warning] InnoDB: Ignoring tablespace for `phpmyadmin`.`pma__bookmark` because it could not be opened.
2026-03-10  9:39:38 0 [ERROR] InnoDB: Operating system error number 3 in a file operation.
2026-03-10  9:39:38 0 [ERROR] InnoDB: The error means the system cannot find the path specified.
2026-03-10  9:39:38 0 [ERROR] InnoDB: If you are installing InnoDB, remember that you must create directories yourself, InnoDB does not create them.
2026-03-10  9:39:38 0 [ERROR] InnoDB: Cannot open datafile for read-only: '.\phpmyadmin\pma__central_columns.ibd' OS error: 203
2026-03-10  9:39:38 0 [ERROR] InnoDB: Operating system error number 203 in a file operation.
2026-03-10  9:39:38 0 [Note] InnoDB: Some operating system error numbers are described at https://mariadb.com/kb/en/library/operating-system-error-codes/
2026-03-10  9:39:38 0 [ERROR] InnoDB: Could not find a valid tablespace file for ``phpmyadmin`.`pma__central_columns``. Please refer to https://mariadb.com/kb/en/innodb-data-dictionary-troubleshooting/ for how to resolve the issue.
2026-03-10  9:39:38 0 [Warning] InnoDB: Ignoring tablespace for `phpmyadmin`.`pma__central_columns` because it could not be opened.
2026-03-10  9:39:38 0 [ERROR] InnoDB: Operating system error number 3 in a file operation.
2026-03-10  9:39:38 0 [ERROR] InnoDB: The error means the system cannot find the path specified.
2026-03-10  9:39:38 0 [ERROR] InnoDB: If you are installing InnoDB, remember that you must create directories yourself, InnoDB does not create them.
2026-03-10  9:39:38 0 [ERROR] InnoDB: Cannot open datafile for read-only: '.\phpmyadmin\pma__column_info.ibd' OS error: 203
2026-03-10  9:39:38 0 [ERROR] InnoDB: Operating system error number 203 in a file operation.
2026-03-10  9:39:38 0 [Note] InnoDB: Some operating system error numbers are described at https://mariadb.com/kb/en/library/operating-system-error-codes/
2026-03-10  9:39:38 0 [ERROR] InnoDB: Could not find a valid tablespace file for ``phpmyadmin`.`pma__column_info``. Please refer to https://mariadb.com/kb/en/innodb-data-dictionary-troubleshooting/ for how to resolve the issue.
2026-03-10  9:39:38 0 [Warning] InnoDB: Ignoring tablespace for `phpmyadmin`.`pma__column_info` because it could not be opened.
2026-03-10  9:39:38 0 [ERROR] InnoDB: Operating system error number 3 in a file operation.
2026-03-10  9:39:38 0 [ERROR] InnoDB: The error means the system cannot find the path specified.
2026-03-10  9:39:38 0 [ERROR] InnoDB: If you are installing InnoDB, remember that you must create directories yourself, InnoDB does not create them.
2026-03-10  9:39:38 0 [ERROR] InnoDB: Cannot open datafile for read-only: '.\phpmyadmin\pma__designer_settings.ibd' OS error: 203
2026-03-10  9:39:38 0 [ERROR] InnoDB: Operating system error number 203 in a file operation.
2026-03-10  9:39:38 0 [Note] InnoDB: Some operating system error numbers are described at https://mariadb.com/kb/en/library/operating-system-error-codes/
2026-03-10  9:39:38 0 [ERROR] InnoDB: Could not find a valid tablespace file for ``phpmyadmin`.`pma__designer_settings``. Please refer to https://mariadb.com/kb/en/innodb-data-dictionary-troubleshooting/ for how to resolve the issue.
2026-03-10  9:39:38 0 [Warning] InnoDB: Ignoring tablespace for `phpmyadmin`.`pma__designer_settings` because it could not be opened.
2026-03-10  9:39:38 0 [ERROR] InnoDB: Operating system error number 3 in a file operation.
2026-03-10  9:39:38 0 [ERROR] InnoDB: The error means the system cannot find the path specified.
2026-03-10  9:39:38 0 [ERROR] InnoDB: If you are installing InnoDB, remember that you must create directories yourself, InnoDB does not create them.
2026-03-10  9:39:38 0 [ERROR] InnoDB: Cannot open datafile for read-only: '.\phpmyadmin\pma__export_templates.ibd' OS error: 203
2026-03-10  9:39:38 0 [ERROR] InnoDB: Operating system error number 203 in a file operation.
2026-03-10  9:39:38 0 [Note] InnoDB: Some operating system error numbers are described at https://mariadb.com/kb/en/library/operating-system-error-codes/
2026-03-10  9:39:38 0 [ERROR] InnoDB: Could not find a valid tablespace file for ``phpmyadmin`.`pma__export_templates``. Please refer to https://mariadb.com/kb/en/innodb-data-dictionary-troubleshooting/ for how to resolve the issue.
2026-03-10  9:39:38 0 [Warning] InnoDB: Ignoring tablespace for `phpmyadmin`.`pma__export_templates` because it could not be opened.
2026-03-10  9:39:38 0 [ERROR] InnoDB: Operating system error number 3 in a file operation.
2026-03-10  9:39:38 0 [ERROR] InnoDB: The error means the system cannot find the path specified.
2026-03-10  9:39:38 0 [ERROR] InnoDB: If you are installing InnoDB, remember that you must create directories yourself, InnoDB does not create them.
2026-03-10  9:39:38 0 [ERROR] InnoDB: Cannot open datafile for read-only: '.\phpmyadmin\pma__favorite.ibd' OS error: 203
2026-03-10  9:39:38 0 [ERROR] InnoDB: Operating system error number 203 in a file operation.
2026-03-10  9:39:38 0 [Note] InnoDB: Some operating system error numbers are described at https://mariadb.com/kb/en/library/operating-system-error-codes/
2026-03-10  9:39:38 0 [ERROR] InnoDB: Could not find a valid tablespace file for ``phpmyadmin`.`pma__favorite``. Please refer to https://mariadb.com/kb/en/innodb-data-dictionary-troubleshooting/ for how to resolve the issue.
2026-03-10  9:39:38 0 [Warning] InnoDB: Ignoring tablespace for `phpmyadmin`.`pma__favorite` because it could not be opened.
2026-03-10  9:39:38 0 [ERROR] InnoDB: Operating system error number 3 in a file operation.
2026-03-10  9:39:38 0 [ERROR] InnoDB: The error means the system cannot find the path specified.
2026-03-10  9:39:38 0 [ERROR] InnoDB: If you are installing InnoDB, remember that you must create directories yourself, InnoDB does not create them.
2026-03-10  9:39:38 0 [ERROR] InnoDB: Cannot open datafile for read-only: '.\phpmyadmin\pma__history.ibd' OS error: 203
2026-03-10  9:39:38 0 [ERROR] InnoDB: Operating system error number 203 in a file operation.
2026-03-10  9:39:38 0 [Note] InnoDB: Some operating system error numbers are described at https://mariadb.com/kb/en/library/operating-system-error-codes/
2026-03-10  9:39:38 0 [ERROR] InnoDB: Could not find a valid tablespace file for ``phpmyadmin`.`pma__history``. Please refer to https://mariadb.com/kb/en/innodb-data-dictionary-troubleshooting/ for how to resolve the issue.
2026-03-10  9:39:38 0 [Warning] InnoDB: Ignoring tablespace for `phpmyadmin`.`pma__history` because it could not be opened.
2026-03-10  9:39:38 0 [ERROR] InnoDB: Operating system error number 3 in a file operation.
2026-03-10  9:39:38 0 [ERROR] InnoDB: The error means the system cannot find the path specified.
2026-03-10  9:39:38 0 [ERROR] InnoDB: If you are installing InnoDB, remember that you must create directories yourself, InnoDB does not create them.
2026-03-10  9:39:38 0 [ERROR] InnoDB: Cannot open datafile for read-only: '.\phpmyadmin\pma__navigationhiding.ibd' OS error: 203
2026-03-10  9:39:38 0 [ERROR] InnoDB: Operating system error number 203 in a file operation.
2026-03-10  9:39:38 0 [Note] InnoDB: Some operating system error numbers are described at https://mariadb.com/kb/en/library/operating-system-error-codes/
2026-03-10  9:39:38 0 [ERROR] InnoDB: Could not find a valid tablespace file for ``phpmyadmin`.`pma__navigationhiding``. Please refer to https://mariadb.com/kb/en/innodb-data-dictionary-troubleshooting/ for how to resolve the issue.
2026-03-10  9:39:38 0 [Warning] InnoDB: Ignoring tablespace for `phpmyadmin`.`pma__navigationhiding` because it could not be opened.
2026-03-10  9:39:38 0 [ERROR] InnoDB: Operating system error number 3 in a file operation.
2026-03-10  9:39:38 0 [ERROR] InnoDB: The error means the system cannot find the path specified.
2026-03-10  9:39:38 0 [ERROR] InnoDB: If you are installing InnoDB, remember that you must create directories yourself, InnoDB does not create them.
2026-03-10  9:39:38 0 [ERROR] InnoDB: Cannot open datafile for read-only: '.\phpmyadmin\pma__pdf_pages.ibd' OS error: 203
2026-03-10  9:39:38 0 [ERROR] InnoDB: Operating system error number 203 in a file operation.
2026-03-10  9:39:38 0 [Note] InnoDB: Some operating system error numbers are described at https://mariadb.com/kb/en/library/operating-system-error-codes/
2026-03-10  9:39:38 0 [ERROR] InnoDB: Could not find a valid tablespace file for ``phpmyadmin`.`pma__pdf_pages``. Please refer to https://mariadb.com/kb/en/innodb-data-dictionary-troubleshooting/ for how to resolve the issue.
2026-03-10  9:39:38 0 [Warning] InnoDB: Ignoring tablespace for `phpmyadmin`.`pma__pdf_pages` because it could not be opened.
2026-03-10  9:39:38 0 [ERROR] InnoDB: Operating system error number 3 in a file operation.
2026-03-10  9:39:38 0 [ERROR] InnoDB: The error means the system cannot find the path specified.
2026-03-10  9:39:38 0 [ERROR] InnoDB: If you are installing InnoDB, remember that you must create directories yourself, InnoDB does not create them.
2026-03-10  9:39:38 0 [ERROR] InnoDB: Cannot open datafile for read-only: '.\phpmyadmin\pma__recent.ibd' OS error: 203
2026-03-10  9:39:38 0 [ERROR] InnoDB: Operating system error number 203 in a file operation.
2026-03-10  9:39:38 0 [Note] InnoDB: Some operating system error numbers are described at https://mariadb.com/kb/en/library/operating-system-error-codes/
2026-03-10  9:39:38 0 [ERROR] InnoDB: Could not find a valid tablespace file for ``phpmyadmin`.`pma__recent``. Please refer to https://mariadb.com/kb/en/innodb-data-dictionary-troubleshooting/ for how to resolve the issue.
2026-03-10  9:39:38 0 [Warning] InnoDB: Ignoring tablespace for `phpmyadmin`.`pma__recent` because it could not be opened.
2026-03-10  9:39:38 0 [ERROR] InnoDB: Operating system error number 3 in a file operation.
2026-03-10  9:39:38 0 [ERROR] InnoDB: The error means the system cannot find the path specified.
2026-03-10  9:39:38 0 [ERROR] InnoDB: If you are installing InnoDB, remember that you must create directories yourself, InnoDB does not create them.
2026-03-10  9:39:38 0 [ERROR] InnoDB: Cannot open datafile for read-only: '.\phpmyadmin\pma__relation.ibd' OS error: 203
2026-03-10  9:39:38 0 [ERROR] InnoDB: Operating system error number 203 in a file operation.
2026-03-10  9:39:38 0 [Note] InnoDB: Some operating system error numbers are described at https://mariadb.com/kb/en/library/operating-system-error-codes/
2026-03-10  9:39:38 0 [ERROR] InnoDB: Could not find a valid tablespace file for ``phpmyadmin`.`pma__relation``. Please refer to https://mariadb.com/kb/en/innodb-data-dictionary-troubleshooting/ for how to resolve the issue.
2026-03-10  9:39:38 0 [Warning] InnoDB: Ignoring tablespace for `phpmyadmin`.`pma__relation` because it could not be opened.
2026-03-10  9:39:38 0 [ERROR] InnoDB: Operating system error number 3 in a file operation.
2026-03-10  9:39:38 0 [ERROR] InnoDB: The error means the system cannot find the path specified.
2026-03-10  9:39:38 0 [ERROR] InnoDB: If you are installing InnoDB, remember that you must create directories yourself, InnoDB does not create them.
2026-03-10  9:39:38 0 [ERROR] InnoDB: Cannot open datafile for read-only: '.\phpmyadmin\pma__savedsearches.ibd' OS error: 203
2026-03-10  9:39:38 0 [ERROR] InnoDB: Operating system error number 203 in a file operation.
2026-03-10  9:39:38 0 [Note] InnoDB: Some operating system error numbers are described at https://mariadb.com/kb/en/library/operating-system-error-codes/
2026-03-10  9:39:38 0 [ERROR] InnoDB: Could not find a valid tablespace file for ``phpmyadmin`.`pma__savedsearches``. Please refer to https://mariadb.com/kb/en/innodb-data-dictionary-troubleshooting/ for how to resolve the issue.
2026-03-10  9:39:38 0 [Warning] InnoDB: Ignoring tablespace for `phpmyadmin`.`pma__savedsearches` because it could not be opened.
2026-03-10  9:39:38 0 [ERROR] InnoDB: Operating system error number 3 in a file operation.
2026-03-10  9:39:38 0 [ERROR] InnoDB: The error means the system cannot find the path specified.
2026-03-10  9:39:38 0 [ERROR] InnoDB: If you are installing InnoDB, remember that you must create directories yourself, InnoDB does not create them.
2026-03-10  9:39:38 0 [ERROR] InnoDB: Cannot open datafile for read-only: '.\phpmyadmin\pma__table_coords.ibd' OS error: 203
2026-03-10  9:39:38 0 [ERROR] InnoDB: Operating system error number 203 in a file operation.
2026-03-10  9:39:38 0 [Note] InnoDB: Some operating system error numbers are described at https://mariadb.com/kb/en/library/operating-system-error-codes/
2026-03-10  9:39:38 0 [ERROR] InnoDB: Could not find a valid tablespace file for ``phpmyadmin`.`pma__table_coords``. Please refer to https://mariadb.com/kb/en/innodb-data-dictionary-troubleshooting/ for how to resolve the issue.
2026-03-10  9:39:38 0 [Warning] InnoDB: Ignoring tablespace for `phpmyadmin`.`pma__table_coords` because it could not be opened.
2026-03-10  9:39:38 0 [ERROR] InnoDB: Operating system error number 3 in a file operation.
2026-03-10  9:39:38 0 [ERROR] InnoDB: The error means the system cannot find the path specified.
2026-03-10  9:39:38 0 [ERROR] InnoDB: If you are installing InnoDB, remember that you must create directories yourself, InnoDB does not create them.
2026-03-10  9:39:38 0 [ERROR] InnoDB: Cannot open datafile for read-only: '.\phpmyadmin\pma__table_info.ibd' OS error: 203
2026-03-10  9:39:38 0 [ERROR] InnoDB: Operating system error number 203 in a file operation.
2026-03-10  9:39:38 0 [Note] InnoDB: Some operating system error numbers are described at https://mariadb.com/kb/en/library/operating-system-error-codes/
2026-03-10  9:39:38 0 [ERROR] InnoDB: Could not find a valid tablespace file for ``phpmyadmin`.`pma__table_info``. Please refer to https://mariadb.com/kb/en/innodb-data-dictionary-troubleshooting/ for how to resolve the issue.
2026-03-10  9:39:38 0 [Warning] InnoDB: Ignoring tablespace for `phpmyadmin`.`pma__table_info` because it could not be opened.
2026-03-10  9:39:38 0 [ERROR] InnoDB: Operating system error number 3 in a file operation.
2026-03-10  9:39:38 0 [ERROR] InnoDB: The error means the system cannot find the path specified.
2026-03-10  9:39:38 0 [ERROR] InnoDB: If you are installing InnoDB, remember that you must create directories yourself, InnoDB does not create them.
2026-03-10  9:39:38 0 [ERROR] InnoDB: Cannot open datafile for read-only: '.\phpmyadmin\pma__table_uiprefs.ibd' OS error: 203
2026-03-10  9:39:38 0 [ERROR] InnoDB: Operating system error number 203 in a file operation.
2026-03-10  9:39:38 0 [Note] InnoDB: Some operating system error numbers are described at https://mariadb.com/kb/en/library/operating-system-error-codes/
2026-03-10  9:39:38 0 [ERROR] InnoDB: Could not find a valid tablespace file for ``phpmyadmin`.`pma__table_uiprefs``. Please refer to https://mariadb.com/kb/en/innodb-data-dictionary-troubleshooting/ for how to resolve the issue.
2026-03-10  9:39:38 0 [Warning] InnoDB: Ignoring tablespace for `phpmyadmin`.`pma__table_uiprefs` because it could not be opened.
2026-03-10  9:39:38 0 [ERROR] InnoDB: Operating system error number 3 in a file operation.
2026-03-10  9:39:38 0 [ERROR] InnoDB: The error means the system cannot find the path specified.
2026-03-10  9:39:38 0 [ERROR] InnoDB: If you are installing InnoDB, remember that you must create directories yourself, InnoDB does not create them.
2026-03-10  9:39:38 0 [ERROR] InnoDB: Cannot open datafile for read-only: '.\phpmyadmin\pma__tracking.ibd' OS error: 203
2026-03-10  9:39:38 0 [ERROR] InnoDB: Operating system error number 203 in a file operation.
2026-03-10  9:39:38 0 [Note] InnoDB: Some operating system error numbers are described at https://mariadb.com/kb/en/library/operating-system-error-codes/
2026-03-10  9:39:38 0 [ERROR] InnoDB: Could not find a valid tablespace file for ``phpmyadmin`.`pma__tracking``. Please refer to https://mariadb.com/kb/en/innodb-data-dictionary-troubleshooting/ for how to resolve the issue.
2026-03-10  9:39:38 0 [Warning] InnoDB: Ignoring tablespace for `phpmyadmin`.`pma__tracking` because it could not be opened.
2026-03-10  9:39:38 0 [ERROR] InnoDB: Operating system error number 3 in a file operation.
2026-03-10  9:39:38 0 [ERROR] InnoDB: The error means the system cannot find the path specified.
2026-03-10  9:39:38 0 [ERROR] InnoDB: If you are installing InnoDB, remember that you must create directories yourself, InnoDB does not create them.
2026-03-10  9:39:38 0 [ERROR] InnoDB: Cannot open datafile for read-only: '.\phpmyadmin\pma__userconfig.ibd' OS error: 203
2026-03-10  9:39:38 0 [ERROR] InnoDB: Operating system error number 203 in a file operation.
2026-03-10  9:39:38 0 [Note] InnoDB: Some operating system error numbers are described at https://mariadb.com/kb/en/library/operating-system-error-codes/
2026-03-10  9:39:38 0 [ERROR] InnoDB: Could not find a valid tablespace file for ``phpmyadmin`.`pma__userconfig``. Please refer to https://mariadb.com/kb/en/innodb-data-dictionary-troubleshooting/ for how to resolve the issue.
2026-03-10  9:39:38 0 [Warning] InnoDB: Ignoring tablespace for `phpmyadmin`.`pma__userconfig` because it could not be opened.
2026-03-10  9:39:38 0 [ERROR] InnoDB: Operating system error number 3 in a file operation.
2026-03-10  9:39:38 0 [ERROR] InnoDB: The error means the system cannot find the path specified.
2026-03-10  9:39:38 0 [ERROR] InnoDB: If you are installing InnoDB, remember that you must create directories yourself, InnoDB does not create them.
2026-03-10  9:39:38 0 [ERROR] InnoDB: Cannot open datafile for read-only: '.\phpmyadmin\pma__usergroups.ibd' OS error: 203
2026-03-10  9:39:38 0 [ERROR] InnoDB: Operating system error number 203 in a file operation.
2026-03-10  9:39:38 0 [Note] InnoDB: Some operating system error numbers are described at https://mariadb.com/kb/en/library/operating-system-error-codes/
2026-03-10  9:39:38 0 [ERROR] InnoDB: Could not find a valid tablespace file for ``phpmyadmin`.`pma__usergroups``. Please refer to https://mariadb.com/kb/en/innodb-data-dictionary-troubleshooting/ for how to resolve the issue.
2026-03-10  9:39:38 0 [Warning] InnoDB: Ignoring tablespace for `phpmyadmin`.`pma__usergroups` because it could not be opened.
2026-03-10  9:39:38 0 [ERROR] InnoDB: Operating system error number 3 in a file operation.
2026-03-10  9:39:38 0 [ERROR] InnoDB: The error means the system cannot find the path specified.
2026-03-10  9:39:38 0 [ERROR] InnoDB: If you are installing InnoDB, remember that you must create directories yourself, InnoDB does not create them.
2026-03-10  9:39:38 0 [ERROR] InnoDB: Cannot open datafile for read-only: '.\phpmyadmin\pma__users.ibd' OS error: 203
2026-03-10  9:39:38 0 [ERROR] InnoDB: Operating system error number 203 in a file operation.
2026-03-10  9:39:38 0 [Note] InnoDB: Some operating system error numbers are described at https://mariadb.com/kb/en/library/operating-system-error-codes/
2026-03-10  9:39:38 0 [ERROR] InnoDB: Could not find a valid tablespace file for ``phpmyadmin`.`pma__users``. Please refer to https://mariadb.com/kb/en/innodb-data-dictionary-troubleshooting/ for how to resolve the issue.
2026-03-10  9:39:38 0 [Warning] InnoDB: Ignoring tablespace for `phpmyadmin`.`pma__users` because it could not be opened.
2026-03-10  9:39:38 0 [Note] InnoDB: 128 out of 128 rollback segments are active.
2026-03-10  9:39:38 0 [Note] InnoDB: Removed temporary tablespace data file: "ibtmp1"
2026-03-10  9:39:38 0 [Note] InnoDB: Creating shared tablespace for temporary tables
2026-03-10  9:39:38 0 [Note] InnoDB: Setting file 'C:\moodle\server\mysql\data\ibtmp1' size to 12 MB. Physically writing the file full; Please wait ...
2026-03-10  9:39:38 0 [Note] InnoDB: File 'C:\moodle\server\mysql\data\ibtmp1' size is now 12 MB.
2026-03-10  9:39:38 0 [Note] InnoDB: Waiting for purge to start
2026-03-10  9:39:38 3 [ERROR] InnoDB: Operating system error number 3 in a file operation.
2026-03-10  9:39:38 3 [ERROR] InnoDB: The error means the system cannot find the path specified.
2026-03-10  9:39:38 3 [ERROR] InnoDB: If you are installing InnoDB, remember that you must create directories yourself, InnoDB does not create them.
2026-03-10  9:39:38 3 [ERROR] InnoDB: Cannot open datafile for read-only: '.\phpmyadmin\pma__userconfig.ibd' OS error: 203
2026-03-10  9:39:38 3 [ERROR] InnoDB: Operating system error number 203 in a file operation.
2026-03-10  9:39:38 3 [Note] InnoDB: Some operating system error numbers are described at https://mariadb.com/kb/en/library/operating-system-error-codes/
2026-03-10  9:39:38 3 [ERROR] InnoDB: Could not find a valid tablespace file for ``phpmyadmin`.`pma__userconfig``. Please refer to https://mariadb.com/kb/en/innodb-data-dictionary-troubleshooting/ for how to resolve the issue.
2026-03-10  9:39:38 0 [Note] InnoDB: 10.4.28 started; log sequence number 300306; transaction id 170
2026-03-10  9:39:38 0 [Note] InnoDB: Loading buffer pool(s) from C:\moodle\server\mysql\data\ib_buffer_pool
2026-03-10  9:39:38 0 [Note] Plugin 'FEEDBACK' is disabled.
2026-03-10  9:39:38 0 [Note] InnoDB: Buffer pool(s) load completed at 260310  9:39:38
2026-03-10  9:39:38 0 [Note] Server socket created on IP: '::'.
2026-03-10  9:39:38 0 [Note] Reading of all Master_info entries succeeded
2026-03-10  9:39:38 0 [Note] Added new Master_info '' to hash table
2026-03-10  9:39:38 0 [Note] mysql\bin\mysqld.exe: ready for connections.
Version: '10.4.28-MariaDB'  socket: ''  port: 3306  mariadb.org binary distribution
2026-03-10 10:05:26 0 [Note] mysql\bin\mysqld.exe (initiated by: unknown): Normal shutdown
2026-03-10 10:05:26 0 [Note] Event Scheduler: Purging the queue. 0 events
2026-03-10 10:05:26 0 [Note] InnoDB: FTS optimize thread exiting.
2026-03-10 10:05:26 0 [Note] InnoDB: Starting shutdown...
2026-03-10 10:05:26 0 [Note] InnoDB: Dumping buffer pool(s) to C:\moodle\server\mysql\data\ib_buffer_pool
2026-03-10 10:05:26 0 [Note] InnoDB: Buffer pool(s) dump completed at 260310 10:05:26
2026-03-10 10:05:27 0 [Note] InnoDB: Removed temporary tablespace data file: "ibtmp1"
2026-03-10 10:05:27 0 [Note] InnoDB: Shutdown completed; log sequence number 12198789; transaction id 26718
2026-03-10 10:05:27 0 [Note] mysql\bin\mysqld.exe: Shutdown complete

2026-03-14 14:41:02 0 [Note] Starting MariaDB 10.4.28-MariaDB source revision c8f2e9a5c0ac5905f28b050b7df5a9ffd914b7e7 as process 2452
2026-03-14 14:41:02 0 [Note] InnoDB: Mutexes and rw_locks use Windows interlocked functions
2026-03-14 14:41:02 0 [Note] InnoDB: Uses event mutexes
2026-03-14 14:41:02 0 [Note] InnoDB: Compressed tables use zlib 1.2.12
2026-03-14 14:41:02 0 [Note] InnoDB: Number of pools: 1
2026-03-14 14:41:02 0 [Note] InnoDB: Using SSE2 crc32 instructions
2026-03-14 14:41:02 0 [Note] InnoDB: Initializing buffer pool, total size = 256M, instances = 1, chunk size = 128M
2026-03-14 14:41:02 0 [Note] InnoDB: Completed initialization of buffer pool
2026-03-14 14:41:05 0 [ERROR] InnoDB: Operating system error number 3 in a file operation.
2026-03-14 14:41:05 0 [ERROR] InnoDB: The error means the system cannot find the path specified.
2026-03-14 14:41:05 0 [ERROR] InnoDB: If you are installing InnoDB, remember that you must create directories yourself, InnoDB does not create them.
2026-03-14 14:41:05 0 [ERROR] InnoDB: Cannot open datafile for read-only: '.\phpmyadmin\pma__bookmark.ibd' OS error: 203
2026-03-14 14:41:05 0 [ERROR] InnoDB: Operating system error number 203 in a file operation.
2026-03-14 14:41:05 0 [Note] InnoDB: Some operating system error numbers are described at https://mariadb.com/kb/en/library/operating-system-error-codes/
2026-03-14 14:41:05 0 [ERROR] InnoDB: Could not find a valid tablespace file for ``phpmyadmin`.`pma__bookmark``. Please refer to https://mariadb.com/kb/en/innodb-data-dictionary-troubleshooting/ for how to resolve the issue.
2026-03-14 14:41:05 0 [Warning] InnoDB: Ignoring tablespace for `phpmyadmin`.`pma__bookmark` because it could not be opened.
2026-03-14 14:41:05 0 [ERROR] InnoDB: Operating system error number 3 in a file operation.
2026-03-14 14:41:05 0 [ERROR] InnoDB: The error means the system cannot find the path specified.
2026-03-14 14:41:05 0 [ERROR] InnoDB: If you are installing InnoDB, remember that you must create directories yourself, InnoDB does not create them.
2026-03-14 14:41:05 0 [ERROR] InnoDB: Cannot open datafile for read-only: '.\phpmyadmin\pma__central_columns.ibd' OS error: 203
2026-03-14 14:41:05 0 [ERROR] InnoDB: Operating system error number 203 in a file operation.
2026-03-14 14:41:05 0 [Note] InnoDB: Some operating system error numbers are described at https://mariadb.com/kb/en/library/operating-system-error-codes/
2026-03-14 14:41:05 0 [ERROR] InnoDB: Could not find a valid tablespace file for ``phpmyadmin`.`pma__central_columns``. Please refer to https://mariadb.com/kb/en/innodb-data-dictionary-troubleshooting/ for how to resolve the issue.
2026-03-14 14:41:05 0 [Warning] InnoDB: Ignoring tablespace for `phpmyadmin`.`pma__central_columns` because it could not be opened.
2026-03-14 14:41:05 0 [ERROR] InnoDB: Operating system error number 3 in a file operation.
2026-03-14 14:41:05 0 [ERROR] InnoDB: The error means the system cannot find the path specified.
2026-03-14 14:41:05 0 [ERROR] InnoDB: If you are installing InnoDB, remember that you must create directories yourself, InnoDB does not create them.
2026-03-14 14:41:05 0 [ERROR] InnoDB: Cannot open datafile for read-only: '.\phpmyadmin\pma__column_info.ibd' OS error: 203
2026-03-14 14:41:05 0 [ERROR] InnoDB: Operating system error number 203 in a file operation.
2026-03-14 14:41:05 0 [Note] InnoDB: Some operating system error numbers are described at https://mariadb.com/kb/en/library/operating-system-error-codes/
2026-03-14 14:41:05 0 [ERROR] InnoDB: Could not find a valid tablespace file for ``phpmyadmin`.`pma__column_info``. Please refer to https://mariadb.com/kb/en/innodb-data-dictionary-troubleshooting/ for how to resolve the issue.
2026-03-14 14:41:05 0 [Warning] InnoDB: Ignoring tablespace for `phpmyadmin`.`pma__column_info` because it could not be opened.
2026-03-14 14:41:05 0 [ERROR] InnoDB: Operating system error number 3 in a file operation.
2026-03-14 14:41:05 0 [ERROR] InnoDB: The error means the system cannot find the path specified.
2026-03-14 14:41:05 0 [ERROR] InnoDB: If you are installing InnoDB, remember that you must create directories yourself, InnoDB does not create them.
2026-03-14 14:41:05 0 [ERROR] InnoDB: Cannot open datafile for read-only: '.\phpmyadmin\pma__designer_settings.ibd' OS error: 203
2026-03-14 14:41:05 0 [ERROR] InnoDB: Operating system error number 203 in a file operation.
2026-03-14 14:41:05 0 [Note] InnoDB: Some operating system error numbers are described at https://mariadb.com/kb/en/library/operating-system-error-codes/
2026-03-14 14:41:05 0 [ERROR] InnoDB: Could not find a valid tablespace file for ``phpmyadmin`.`pma__designer_settings``. Please refer to https://mariadb.com/kb/en/innodb-data-dictionary-troubleshooting/ for how to resolve the issue.
2026-03-14 14:41:05 0 [Warning] InnoDB: Ignoring tablespace for `phpmyadmin`.`pma__designer_settings` because it could not be opened.
2026-03-14 14:41:05 0 [ERROR] InnoDB: Operating system error number 3 in a file operation.
2026-03-14 14:41:05 0 [ERROR] InnoDB: The error means the system cannot find the path specified.
2026-03-14 14:41:05 0 [ERROR] InnoDB: If you are installing InnoDB, remember that you must create directories yourself, InnoDB does not create them.
2026-03-14 14:41:05 0 [ERROR] InnoDB: Cannot open datafile for read-only: '.\phpmyadmin\pma__export_templates.ibd' OS error: 203
2026-03-14 14:41:05 0 [ERROR] InnoDB: Operating system error number 203 in a file operation.
2026-03-14 14:41:05 0 [Note] InnoDB: Some operating system error numbers are described at https://mariadb.com/kb/en/library/operating-system-error-codes/
2026-03-14 14:41:05 0 [ERROR] InnoDB: Could not find a valid tablespace file for ``phpmyadmin`.`pma__export_templates``. Please refer to https://mariadb.com/kb/en/innodb-data-dictionary-troubleshooting/ for how to resolve the issue.
2026-03-14 14:41:05 0 [Warning] InnoDB: Ignoring tablespace for `phpmyadmin`.`pma__export_templates` because it could not be opened.
2026-03-14 14:41:05 0 [ERROR] InnoDB: Operating system error number 3 in a file operation.
2026-03-14 14:41:05 0 [ERROR] InnoDB: The error means the system cannot find the path specified.
2026-03-14 14:41:05 0 [ERROR] InnoDB: If you are installing InnoDB, remember that you must create directories yourself, InnoDB does not create them.
2026-03-14 14:41:05 0 [ERROR] InnoDB: Cannot open datafile for read-only: '.\phpmyadmin\pma__favorite.ibd' OS error: 203
2026-03-14 14:41:05 0 [ERROR] InnoDB: Operating system error number 203 in a file operation.
2026-03-14 14:41:05 0 [Note] InnoDB: Some operating system error numbers are described at https://mariadb.com/kb/en/library/operating-system-error-codes/
2026-03-14 14:41:05 0 [ERROR] InnoDB: Could not find a valid tablespace file for ``phpmyadmin`.`pma__favorite``. Please refer to https://mariadb.com/kb/en/innodb-data-dictionary-troubleshooting/ for how to resolve the issue.
2026-03-14 14:41:05 0 [Warning] InnoDB: Ignoring tablespace for `phpmyadmin`.`pma__favorite` because it could not be opened.
2026-03-14 14:41:05 0 [ERROR] InnoDB: Operating system error number 3 in a file operation.
2026-03-14 14:41:05 0 [ERROR] InnoDB: The error means the system cannot find the path specified.
2026-03-14 14:41:05 0 [ERROR] InnoDB: If you are installing InnoDB, remember that you must create directories yourself, InnoDB does not create them.
2026-03-14 14:41:05 0 [ERROR] InnoDB: Cannot open datafile for read-only: '.\phpmyadmin\pma__history.ibd' OS error: 203
2026-03-14 14:41:05 0 [ERROR] InnoDB: Operating system error number 203 in a file operation.
2026-03-14 14:41:05 0 [Note] InnoDB: Some operating system error numbers are described at https://mariadb.com/kb/en/library/operating-system-error-codes/
2026-03-14 14:41:05 0 [ERROR] InnoDB: Could not find a valid tablespace file for ``phpmyadmin`.`pma__history``. Please refer to https://mariadb.com/kb/en/innodb-data-dictionary-troubleshooting/ for how to resolve the issue.
2026-03-14 14:41:05 0 [Warning] InnoDB: Ignoring tablespace for `phpmyadmin`.`pma__history` because it could not be opened.
2026-03-14 14:41:05 0 [ERROR] InnoDB: Operating system error number 3 in a file operation.
2026-03-14 14:41:05 0 [ERROR] InnoDB: The error means the system cannot find the path specified.
2026-03-14 14:41:05 0 [ERROR] InnoDB: If you are installing InnoDB, remember that you must create directories yourself, InnoDB does not create them.
2026-03-14 14:41:05 0 [ERROR] InnoDB: Cannot open datafile for read-only: '.\phpmyadmin\pma__navigationhiding.ibd' OS error: 203
2026-03-14 14:41:05 0 [ERROR] InnoDB: Operating system error number 203 in a file operation.
2026-03-14 14:41:05 0 [Note] InnoDB: Some operating system error numbers are described at https://mariadb.com/kb/en/library/operating-system-error-codes/
2026-03-14 14:41:05 0 [ERROR] InnoDB: Could not find a valid tablespace file for ``phpmyadmin`.`pma__navigationhiding``. Please refer to https://mariadb.com/kb/en/innodb-data-dictionary-troubleshooting/ for how to resolve the issue.
2026-03-14 14:41:05 0 [Warning] InnoDB: Ignoring tablespace for `phpmyadmin`.`pma__navigationhiding` because it could not be opened.
2026-03-14 14:41:05 0 [ERROR] InnoDB: Operating system error number 3 in a file operation.
2026-03-14 14:41:05 0 [ERROR] InnoDB: The error means the system cannot find the path specified.
2026-03-14 14:41:05 0 [ERROR] InnoDB: If you are installing InnoDB, remember that you must create directories yourself, InnoDB does not create them.
2026-03-14 14:41:05 0 [ERROR] InnoDB: Cannot open datafile for read-only: '.\phpmyadmin\pma__pdf_pages.ibd' OS error: 203
2026-03-14 14:41:05 0 [ERROR] InnoDB: Operating system error number 203 in a file operation.
2026-03-14 14:41:05 0 [Note] InnoDB: Some operating system error numbers are described at https://mariadb.com/kb/en/library/operating-system-error-codes/
2026-03-14 14:41:05 0 [ERROR] InnoDB: Could not find a valid tablespace file for ``phpmyadmin`.`pma__pdf_pages``. Please refer to https://mariadb.com/kb/en/innodb-data-dictionary-troubleshooting/ for how to resolve the issue.
2026-03-14 14:41:05 0 [Warning] InnoDB: Ignoring tablespace for `phpmyadmin`.`pma__pdf_pages` because it could not be opened.
2026-03-14 14:41:05 0 [ERROR] InnoDB: Operating system error number 3 in a file operation.
2026-03-14 14:41:05 0 [ERROR] InnoDB: The error means the system cannot find the path specified.
2026-03-14 14:41:05 0 [ERROR] InnoDB: If you are installing InnoDB, remember that you must create directories yourself, InnoDB does not create them.
2026-03-14 14:41:05 0 [ERROR] InnoDB: Cannot open datafile for read-only: '.\phpmyadmin\pma__recent.ibd' OS error: 203
2026-03-14 14:41:05 0 [ERROR] InnoDB: Operating system error number 203 in a file operation.
2026-03-14 14:41:05 0 [Note] InnoDB: Some operating system error numbers are described at https://mariadb.com/kb/en/library/operating-system-error-codes/
2026-03-14 14:41:05 0 [ERROR] InnoDB: Could not find a valid tablespace file for ``phpmyadmin`.`pma__recent``. Please refer to https://mariadb.com/kb/en/innodb-data-dictionary-troubleshooting/ for how to resolve the issue.
2026-03-14 14:41:05 0 [Warning] InnoDB: Ignoring tablespace for `phpmyadmin`.`pma__recent` because it could not be opened.
2026-03-14 14:41:05 0 [ERROR] InnoDB: Operating system error number 3 in a file operation.
2026-03-14 14:41:05 0 [ERROR] InnoDB: The error means the system cannot find the path specified.
2026-03-14 14:41:05 0 [ERROR] InnoDB: If you are installing InnoDB, remember that you must create directories yourself, InnoDB does not create them.
2026-03-14 14:41:05 0 [ERROR] InnoDB: Cannot open datafile for read-only: '.\phpmyadmin\pma__relation.ibd' OS error: 203
2026-03-14 14:41:05 0 [ERROR] InnoDB: Operating system error number 203 in a file operation.
2026-03-14 14:41:05 0 [Note] InnoDB: Some operating system error numbers are described at https://mariadb.com/kb/en/library/operating-system-error-codes/
2026-03-14 14:41:05 0 [ERROR] InnoDB: Could not find a valid tablespace file for ``phpmyadmin`.`pma__relation``. Please refer to https://mariadb.com/kb/en/innodb-data-dictionary-troubleshooting/ for how to resolve the issue.
2026-03-14 14:41:05 0 [Warning] InnoDB: Ignoring tablespace for `phpmyadmin`.`pma__relation` because it could not be opened.
2026-03-14 14:41:05 0 [ERROR] InnoDB: Operating system error number 3 in a file operation.
2026-03-14 14:41:05 0 [ERROR] InnoDB: The error means the system cannot find the path specified.
2026-03-14 14:41:05 0 [ERROR] InnoDB: If you are installing InnoDB, remember that you must create directories yourself, InnoDB does not create them.
2026-03-14 14:41:05 0 [ERROR] InnoDB: Cannot open datafile for read-only: '.\phpmyadmin\pma__savedsearches.ibd' OS error: 203
2026-03-14 14:41:05 0 [ERROR] InnoDB: Operating system error number 203 in a file operation.
2026-03-14 14:41:05 0 [Note] InnoDB: Some operating system error numbers are described at https://mariadb.com/kb/en/library/operating-system-error-codes/
2026-03-14 14:41:05 0 [ERROR] InnoDB: Could not find a valid tablespace file for ``phpmyadmin`.`pma__savedsearches``. Please refer to https://mariadb.com/kb/en/innodb-data-dictionary-troubleshooting/ for how to resolve the issue.
2026-03-14 14:41:05 0 [Warning] InnoDB: Ignoring tablespace for `phpmyadmin`.`pma__savedsearches` because it could not be opened.
2026-03-14 14:41:05 0 [ERROR] InnoDB: Operating system error number 3 in a file operation.
2026-03-14 14:41:05 0 [ERROR] InnoDB: The error means the system cannot find the path specified.
2026-03-14 14:41:05 0 [ERROR] InnoDB: If you are installing InnoDB, remember that you must create directories yourself, InnoDB does not create them.
2026-03-14 14:41:05 0 [ERROR] InnoDB: Cannot open datafile for read-only: '.\phpmyadmin\pma__table_coords.ibd' OS error: 203
2026-03-14 14:41:05 0 [ERROR] InnoDB: Operating system error number 203 in a file operation.
2026-03-14 14:41:05 0 [Note] InnoDB: Some operating system error numbers are described at https://mariadb.com/kb/en/library/operating-system-error-codes/
2026-03-14 14:41:05 0 [ERROR] InnoDB: Could not find a valid tablespace file for ``phpmyadmin`.`pma__table_coords``. Please refer to https://mariadb.com/kb/en/innodb-data-dictionary-troubleshooting/ for how to resolve the issue.
2026-03-14 14:41:05 0 [Warning] InnoDB: Ignoring tablespace for `phpmyadmin`.`pma__table_coords` because it could not be opened.
2026-03-14 14:41:05 0 [ERROR] InnoDB: Operating system error number 3 in a file operation.
2026-03-14 14:41:05 0 [ERROR] InnoDB: The error means the system cannot find the path specified.
2026-03-14 14:41:05 0 [ERROR] InnoDB: If you are installing InnoDB, remember that you must create directories yourself, InnoDB does not create them.
2026-03-14 14:41:05 0 [ERROR] InnoDB: Cannot open datafile for read-only: '.\phpmyadmin\pma__table_info.ibd' OS error: 203
2026-03-14 14:41:05 0 [ERROR] InnoDB: Operating system error number 203 in a file operation.
2026-03-14 14:41:05 0 [Note] InnoDB: Some operating system error numbers are described at https://mariadb.com/kb/en/library/operating-system-error-codes/
2026-03-14 14:41:05 0 [ERROR] InnoDB: Could not find a valid tablespace file for ``phpmyadmin`.`pma__table_info``. Please refer to https://mariadb.com/kb/en/innodb-data-dictionary-troubleshooting/ for how to resolve the issue.
2026-03-14 14:41:05 0 [Warning] InnoDB: Ignoring tablespace for `phpmyadmin`.`pma__table_info` because it could not be opened.
2026-03-14 14:41:05 0 [ERROR] InnoDB: Operating system error number 3 in a file operation.
2026-03-14 14:41:05 0 [ERROR] InnoDB: The error means the system cannot find the path specified.
2026-03-14 14:41:05 0 [ERROR] InnoDB: If you are installing InnoDB, remember that you must create directories yourself, InnoDB does not create them.
2026-03-14 14:41:05 0 [ERROR] InnoDB: Cannot open datafile for read-only: '.\phpmyadmin\pma__table_uiprefs.ibd' OS error: 203
2026-03-14 14:41:05 0 [ERROR] InnoDB: Operating system error number 203 in a file operation.
2026-03-14 14:41:05 0 [Note] InnoDB: Some operating system error numbers are described at https://mariadb.com/kb/en/library/operating-system-error-codes/
2026-03-14 14:41:05 0 [ERROR] InnoDB: Could not find a valid tablespace file for ``phpmyadmin`.`pma__table_uiprefs``. Please refer to https://mariadb.com/kb/en/innodb-data-dictionary-troubleshooting/ for how to resolve the issue.
2026-03-14 14:41:05 0 [Warning] InnoDB: Ignoring tablespace for `phpmyadmin`.`pma__table_uiprefs` because it could not be opened.
2026-03-14 14:41:05 0 [ERROR] InnoDB: Operating system error number 3 in a file operation.
2026-03-14 14:41:05 0 [ERROR] InnoDB: The error means the system cannot find the path specified.
2026-03-14 14:41:05 0 [ERROR] InnoDB: If you are installing InnoDB, remember that you must create directories yourself, InnoDB does not create them.
2026-03-14 14:41:05 0 [ERROR] InnoDB: Cannot open datafile for read-only: '.\phpmyadmin\pma__tracking.ibd' OS error: 203
2026-03-14 14:41:05 0 [ERROR] InnoDB: Operating system error number 203 in a file operation.
2026-03-14 14:41:05 0 [Note] InnoDB: Some operating system error numbers are described at https://mariadb.com/kb/en/library/operating-system-error-codes/
2026-03-14 14:41:05 0 [ERROR] InnoDB: Could not find a valid tablespace file for ``phpmyadmin`.`pma__tracking``. Please refer to https://mariadb.com/kb/en/innodb-data-dictionary-troubleshooting/ for how to resolve the issue.
2026-03-14 14:41:05 0 [Warning] InnoDB: Ignoring tablespace for `phpmyadmin`.`pma__tracking` because it could not be opened.
2026-03-14 14:41:05 0 [ERROR] InnoDB: Operating system error number 3 in a file operation.
2026-03-14 14:41:05 0 [ERROR] InnoDB: The error means the system cannot find the path specified.
2026-03-14 14:41:05 0 [ERROR] InnoDB: If you are installing InnoDB, remember that you must create directories yourself, InnoDB does not create them.
2026-03-14 14:41:05 0 [ERROR] InnoDB: Cannot open datafile for read-only: '.\phpmyadmin\pma__userconfig.ibd' OS error: 203
2026-03-14 14:41:05 0 [ERROR] InnoDB: Operating system error number 203 in a file operation.
2026-03-14 14:41:05 0 [Note] InnoDB: Some operating system error numbers are described at https://mariadb.com/kb/en/library/operating-system-error-codes/
2026-03-14 14:41:05 0 [ERROR] InnoDB: Could not find a valid tablespace file for ``phpmyadmin`.`pma__userconfig``. Please refer to https://mariadb.com/kb/en/innodb-data-dictionary-troubleshooting/ for how to resolve the issue.
2026-03-14 14:41:05 0 [Warning] InnoDB: Ignoring tablespace for `phpmyadmin`.`pma__userconfig` because it could not be opened.
2026-03-14 14:41:05 0 [ERROR] InnoDB: Operating system error number 3 in a file operation.
2026-03-14 14:41:05 0 [ERROR] InnoDB: The error means the system cannot find the path specified.
2026-03-14 14:41:05 0 [ERROR] InnoDB: If you are installing InnoDB, remember that you must create directories yourself, InnoDB does not create them.
2026-03-14 14:41:05 0 [ERROR] InnoDB: Cannot open datafile for read-only: '.\phpmyadmin\pma__usergroups.ibd' OS error: 203
2026-03-14 14:41:05 0 [ERROR] InnoDB: Operating system error number 203 in a file operation.
2026-03-14 14:41:05 0 [Note] InnoDB: Some operating system error numbers are described at https://mariadb.com/kb/en/library/operating-system-error-codes/
2026-03-14 14:41:05 0 [ERROR] InnoDB: Could not find a valid tablespace file for ``phpmyadmin`.`pma__usergroups``. Please refer to https://mariadb.com/kb/en/innodb-data-dictionary-troubleshooting/ for how to resolve the issue.
2026-03-14 14:41:05 0 [Warning] InnoDB: Ignoring tablespace for `phpmyadmin`.`pma__usergroups` because it could not be opened.
2026-03-14 14:41:05 0 [ERROR] InnoDB: Operating system error number 3 in a file operation.
2026-03-14 14:41:05 0 [ERROR] InnoDB: The error means the system cannot find the path specified.
2026-03-14 14:41:05 0 [ERROR] InnoDB: If you are installing InnoDB, remember that you must create directories yourself, InnoDB does not create them.
2026-03-14 14:41:05 0 [ERROR] InnoDB: Cannot open datafile for read-only: '.\phpmyadmin\pma__users.ibd' OS error: 203
2026-03-14 14:41:05 0 [ERROR] InnoDB: Operating system error number 203 in a file operation.
2026-03-14 14:41:05 0 [Note] InnoDB: Some operating system error numbers are described at https://mariadb.com/kb/en/library/operating-system-error-codes/
2026-03-14 14:41:05 0 [ERROR] InnoDB: Could not find a valid tablespace file for ``phpmyadmin`.`pma__users``. Please refer to https://mariadb.com/kb/en/innodb-data-dictionary-troubleshooting/ for how to resolve the issue.
2026-03-14 14:41:05 0 [Warning] InnoDB: Ignoring tablespace for `phpmyadmin`.`pma__users` because it could not be opened.
2026-03-14 14:41:05 0 [Note] InnoDB: 128 out of 128 rollback segments are active.
2026-03-14 14:41:05 0 [Note] InnoDB: Creating shared tablespace for temporary tables
2026-03-14 14:41:05 0 [Note] InnoDB: Setting file 'C:\moodle\server\mysql\data\ibtmp1' size to 12 MB. Physically writing the file full; Please wait ...
2026-03-14 14:41:05 0 [Note] InnoDB: File 'C:\moodle\server\mysql\data\ibtmp1' size is now 12 MB.
2026-03-14 14:41:05 0 [Note] InnoDB: Waiting for purge to start
2026-03-14 14:41:05 0 [Note] InnoDB: 10.4.28 started; log sequence number 12198789; transaction id 26718
2026-03-14 14:41:05 0 [Note] Plugin 'FEEDBACK' is disabled.
2026-03-14 14:41:05 0 [Note] InnoDB: Loading buffer pool(s) from C:\moodle\server\mysql\data\ib_buffer_pool
2026-03-14 14:41:05 0 [Note] Server socket created on IP: '::'.
2026-03-14 14:41:05 0 [Note] Reading of all Master_info entries succeeded
2026-03-14 14:41:05 0 [Note] Added new Master_info '' to hash table
2026-03-14 14:41:05 0 [Note] mysql\bin\mysqld.exe: ready for connections.
Version: '10.4.28-MariaDB'  socket: ''  port: 3306  mariadb.org binary distribution
2026-03-14 14:41:06 0 [Note] InnoDB: Buffer pool(s) load completed at 260314 14:41:06
2026-03-14 16:05:14 0 [Note] mysql\bin\mysqld.exe (initiated by: unknown): Normal shutdown
2026-03-14 16:05:14 0 [Note] Event Scheduler: Purging the queue. 0 events
2026-03-14 16:05:14 0 [Note] InnoDB: FTS optimize thread exiting.
2026-03-14 16:05:14 0 [Note] InnoDB: Starting shutdown...
2026-03-14 16:05:14 0 [Note] InnoDB: Dumping buffer pool(s) to C:\moodle\server\mysql\data\ib_buffer_pool
2026-03-14 16:05:14 0 [Note] InnoDB: Buffer pool(s) dump completed at 260314 16:05:14
2026-03-14 16:05:16 0 [Note] InnoDB: Removed temporary tablespace data file: "ibtmp1"
2026-03-14 16:05:16 0 [Note] InnoDB: Shutdown completed; log sequence number 12534054; transaction id 27144
2026-03-14 16:05:16 0 [Note] mysql\bin\mysqld.exe: Shutdown complete

2026-03-14 20:41:03 0 [Note] Starting MariaDB 10.4.28-MariaDB source revision c8f2e9a5c0ac5905f28b050b7df5a9ffd914b7e7 as process 19628
2026-03-14 20:41:03 0 [Note] InnoDB: Mutexes and rw_locks use Windows interlocked functions
2026-03-14 20:41:03 0 [Note] InnoDB: Uses event mutexes
2026-03-14 20:41:03 0 [Note] InnoDB: Compressed tables use zlib 1.2.12
2026-03-14 20:41:03 0 [Note] InnoDB: Number of pools: 1
2026-03-14 20:41:03 0 [Note] InnoDB: Using SSE2 crc32 instructions
2026-03-14 20:41:03 0 [Note] InnoDB: Initializing buffer pool, total size = 256M, instances = 1, chunk size = 128M
2026-03-14 20:41:03 0 [Note] InnoDB: Completed initialization of buffer pool
2026-03-14 20:41:06 0 [ERROR] InnoDB: Operating system error number 3 in a file operation.
2026-03-14 20:41:06 0 [ERROR] InnoDB: The error means the system cannot find the path specified.
2026-03-14 20:41:06 0 [ERROR] InnoDB: If you are installing InnoDB, remember that you must create directories yourself, InnoDB does not create them.
2026-03-14 20:41:06 0 [ERROR] InnoDB: Cannot open datafile for read-only: '.\phpmyadmin\pma__bookmark.ibd' OS error: 203
2026-03-14 20:41:06 0 [ERROR] InnoDB: Operating system error number 203 in a file operation.
2026-03-14 20:41:06 0 [Note] InnoDB: Some operating system error numbers are described at https://mariadb.com/kb/en/library/operating-system-error-codes/
2026-03-14 20:41:06 0 [ERROR] InnoDB: Could not find a valid tablespace file for ``phpmyadmin`.`pma__bookmark``. Please refer to https://mariadb.com/kb/en/innodb-data-dictionary-troubleshooting/ for how to resolve the issue.
2026-03-14 20:41:06 0 [Warning] InnoDB: Ignoring tablespace for `phpmyadmin`.`pma__bookmark` because it could not be opened.
2026-03-14 20:41:06 0 [ERROR] InnoDB: Operating system error number 3 in a file operation.
2026-03-14 20:41:06 0 [ERROR] InnoDB: The error means the system cannot find the path specified.
2026-03-14 20:41:06 0 [ERROR] InnoDB: If you are installing InnoDB, remember that you must create directories yourself, InnoDB does not create them.
2026-03-14 20:41:06 0 [ERROR] InnoDB: Cannot open datafile for read-only: '.\phpmyadmin\pma__central_columns.ibd' OS error: 203
2026-03-14 20:41:06 0 [ERROR] InnoDB: Operating system error number 203 in a file operation.
2026-03-14 20:41:06 0 [Note] InnoDB: Some operating system error numbers are described at https://mariadb.com/kb/en/library/operating-system-error-codes/
2026-03-14 20:41:06 0 [ERROR] InnoDB: Could not find a valid tablespace file for ``phpmyadmin`.`pma__central_columns``. Please refer to https://mariadb.com/kb/en/innodb-data-dictionary-troubleshooting/ for how to resolve the issue.
2026-03-14 20:41:06 0 [Warning] InnoDB: Ignoring tablespace for `phpmyadmin`.`pma__central_columns` because it could not be opened.
2026-03-14 20:41:06 0 [ERROR] InnoDB: Operating system error number 3 in a file operation.
2026-03-14 20:41:06 0 [ERROR] InnoDB: The error means the system cannot find the path specified.
2026-03-14 20:41:06 0 [ERROR] InnoDB: If you are installing InnoDB, remember that you must create directories yourself, InnoDB does not create them.
2026-03-14 20:41:06 0 [ERROR] InnoDB: Cannot open datafile for read-only: '.\phpmyadmin\pma__column_info.ibd' OS error: 203
2026-03-14 20:41:06 0 [ERROR] InnoDB: Operating system error number 203 in a file operation.
2026-03-14 20:41:06 0 [Note] InnoDB: Some operating system error numbers are described at https://mariadb.com/kb/en/library/operating-system-error-codes/
2026-03-14 20:41:06 0 [ERROR] InnoDB: Could not find a valid tablespace file for ``phpmyadmin`.`pma__column_info``. Please refer to https://mariadb.com/kb/en/innodb-data-dictionary-troubleshooting/ for how to resolve the issue.
2026-03-14 20:41:06 0 [Warning] InnoDB: Ignoring tablespace for `phpmyadmin`.`pma__column_info` because it could not be opened.
2026-03-14 20:41:06 0 [ERROR] InnoDB: Operating system error number 3 in a file operation.
2026-03-14 20:41:06 0 [ERROR] InnoDB: The error means the system cannot find the path specified.
2026-03-14 20:41:06 0 [ERROR] InnoDB: If you are installing InnoDB, remember that you must create directories yourself, InnoDB does not create them.
2026-03-14 20:41:06 0 [ERROR] InnoDB: Cannot open datafile for read-only: '.\phpmyadmin\pma__designer_settings.ibd' OS error: 203
2026-03-14 20:41:06 0 [ERROR] InnoDB: Operating system error number 203 in a file operation.
2026-03-14 20:41:06 0 [Note] InnoDB: Some operating system error numbers are described at https://mariadb.com/kb/en/library/operating-system-error-codes/
2026-03-14 20:41:06 0 [ERROR] InnoDB: Could not find a valid tablespace file for ``phpmyadmin`.`pma__designer_settings``. Please refer to https://mariadb.com/kb/en/innodb-data-dictionary-troubleshooting/ for how to resolve the issue.
2026-03-14 20:41:06 0 [Warning] InnoDB: Ignoring tablespace for `phpmyadmin`.`pma__designer_settings` because it could not be opened.
2026-03-14 20:41:06 0 [ERROR] InnoDB: Operating system error number 3 in a file operation.
2026-03-14 20:41:06 0 [ERROR] InnoDB: The error means the system cannot find the path specified.
2026-03-14 20:41:06 0 [ERROR] InnoDB: If you are installing InnoDB, remember that you must create directories yourself, InnoDB does not create them.
2026-03-14 20:41:06 0 [ERROR] InnoDB: Cannot open datafile for read-only: '.\phpmyadmin\pma__export_templates.ibd' OS error: 203
2026-03-14 20:41:06 0 [ERROR] InnoDB: Operating system error number 203 in a file operation.
2026-03-14 20:41:06 0 [Note] InnoDB: Some operating system error numbers are described at https://mariadb.com/kb/en/library/operating-system-error-codes/
2026-03-14 20:41:06 0 [ERROR] InnoDB: Could not find a valid tablespace file for ``phpmyadmin`.`pma__export_templates``. Please refer to https://mariadb.com/kb/en/innodb-data-dictionary-troubleshooting/ for how to resolve the issue.
2026-03-14 20:41:06 0 [Warning] InnoDB: Ignoring tablespace for `phpmyadmin`.`pma__export_templates` because it could not be opened.
2026-03-14 20:41:06 0 [ERROR] InnoDB: Operating system error number 3 in a file operation.
2026-03-14 20:41:06 0 [ERROR] InnoDB: The error means the system cannot find the path specified.
2026-03-14 20:41:06 0 [ERROR] InnoDB: If you are installing InnoDB, remember that you must create directories yourself, InnoDB does not create them.
2026-03-14 20:41:06 0 [ERROR] InnoDB: Cannot open datafile for read-only: '.\phpmyadmin\pma__favorite.ibd' OS error: 203
2026-03-14 20:41:06 0 [ERROR] InnoDB: Operating system error number 203 in a file operation.
2026-03-14 20:41:06 0 [Note] InnoDB: Some operating system error numbers are described at https://mariadb.com/kb/en/library/operating-system-error-codes/
2026-03-14 20:41:06 0 [ERROR] InnoDB: Could not find a valid tablespace file for ``phpmyadmin`.`pma__favorite``. Please refer to https://mariadb.com/kb/en/innodb-data-dictionary-troubleshooting/ for how to resolve the issue.
2026-03-14 20:41:06 0 [Warning] InnoDB: Ignoring tablespace for `phpmyadmin`.`pma__favorite` because it could not be opened.
2026-03-14 20:41:06 0 [ERROR] InnoDB: Operating system error number 3 in a file operation.
2026-03-14 20:41:06 0 [ERROR] InnoDB: The error means the system cannot find the path specified.
2026-03-14 20:41:06 0 [ERROR] InnoDB: If you are installing InnoDB, remember that you must create directories yourself, InnoDB does not create them.
2026-03-14 20:41:06 0 [ERROR] InnoDB: Cannot open datafile for read-only: '.\phpmyadmin\pma__history.ibd' OS error: 203
2026-03-14 20:41:06 0 [ERROR] InnoDB: Operating system error number 203 in a file operation.
2026-03-14 20:41:06 0 [Note] InnoDB: Some operating system error numbers are described at https://mariadb.com/kb/en/library/operating-system-error-codes/
2026-03-14 20:41:06 0 [ERROR] InnoDB: Could not find a valid tablespace file for ``phpmyadmin`.`pma__history``. Please refer to https://mariadb.com/kb/en/innodb-data-dictionary-troubleshooting/ for how to resolve the issue.
2026-03-14 20:41:06 0 [Warning] InnoDB: Ignoring tablespace for `phpmyadmin`.`pma__history` because it could not be opened.
2026-03-14 20:41:06 0 [ERROR] InnoDB: Operating system error number 3 in a file operation.
2026-03-14 20:41:06 0 [ERROR] InnoDB: The error means the system cannot find the path specified.
2026-03-14 20:41:06 0 [ERROR] InnoDB: If you are installing InnoDB, remember that you must create directories yourself, InnoDB does not create them.
2026-03-14 20:41:06 0 [ERROR] InnoDB: Cannot open datafile for read-only: '.\phpmyadmin\pma__navigationhiding.ibd' OS error: 203
2026-03-14 20:41:06 0 [ERROR] InnoDB: Operating system error number 203 in a file operation.
2026-03-14 20:41:06 0 [Note] InnoDB: Some operating system error numbers are described at https://mariadb.com/kb/en/library/operating-system-error-codes/
2026-03-14 20:41:06 0 [ERROR] InnoDB: Could not find a valid tablespace file for ``phpmyadmin`.`pma__navigationhiding``. Please refer to https://mariadb.com/kb/en/innodb-data-dictionary-troubleshooting/ for how to resolve the issue.
2026-03-14 20:41:06 0 [Warning] InnoDB: Ignoring tablespace for `phpmyadmin`.`pma__navigationhiding` because it could not be opened.
2026-03-14 20:41:06 0 [ERROR] InnoDB: Operating system error number 3 in a file operation.
2026-03-14 20:41:06 0 [ERROR] InnoDB: The error means the system cannot find the path specified.
2026-03-14 20:41:06 0 [ERROR] InnoDB: If you are installing InnoDB, remember that you must create directories yourself, InnoDB does not create them.
2026-03-14 20:41:06 0 [ERROR] InnoDB: Cannot open datafile for read-only: '.\phpmyadmin\pma__pdf_pages.ibd' OS error: 203
2026-03-14 20:41:06 0 [ERROR] InnoDB: Operating system error number 203 in a file operation.
2026-03-14 20:41:06 0 [Note] InnoDB: Some operating system error numbers are described at https://mariadb.com/kb/en/library/operating-system-error-codes/
2026-03-14 20:41:06 0 [ERROR] InnoDB: Could not find a valid tablespace file for ``phpmyadmin`.`pma__pdf_pages``. Please refer to https://mariadb.com/kb/en/innodb-data-dictionary-troubleshooting/ for how to resolve the issue.
2026-03-14 20:41:06 0 [Warning] InnoDB: Ignoring tablespace for `phpmyadmin`.`pma__pdf_pages` because it could not be opened.
2026-03-14 20:41:06 0 [ERROR] InnoDB: Operating system error number 3 in a file operation.
2026-03-14 20:41:06 0 [ERROR] InnoDB: The error means the system cannot find the path specified.
2026-03-14 20:41:06 0 [ERROR] InnoDB: If you are installing InnoDB, remember that you must create directories yourself, InnoDB does not create them.
2026-03-14 20:41:06 0 [ERROR] InnoDB: Cannot open datafile for read-only: '.\phpmyadmin\pma__recent.ibd' OS error: 203
2026-03-14 20:41:06 0 [ERROR] InnoDB: Operating system error number 203 in a file operation.
2026-03-14 20:41:06 0 [Note] InnoDB: Some operating system error numbers are described at https://mariadb.com/kb/en/library/operating-system-error-codes/
2026-03-14 20:41:06 0 [ERROR] InnoDB: Could not find a valid tablespace file for ``phpmyadmin`.`pma__recent``. Please refer to https://mariadb.com/kb/en/innodb-data-dictionary-troubleshooting/ for how to resolve the issue.
2026-03-14 20:41:06 0 [Warning] InnoDB: Ignoring tablespace for `phpmyadmin`.`pma__recent` because it could not be opened.
2026-03-14 20:41:06 0 [ERROR] InnoDB: Operating system error number 3 in a file operation.
2026-03-14 20:41:06 0 [ERROR] InnoDB: The error means the system cannot find the path specified.
2026-03-14 20:41:06 0 [ERROR] InnoDB: If you are installing InnoDB, remember that you must create directories yourself, InnoDB does not create them.
2026-03-14 20:41:06 0 [ERROR] InnoDB: Cannot open datafile for read-only: '.\phpmyadmin\pma__relation.ibd' OS error: 203
2026-03-14 20:41:06 0 [ERROR] InnoDB: Operating system error number 203 in a file operation.
2026-03-14 20:41:06 0 [Note] InnoDB: Some operating system error numbers are described at https://mariadb.com/kb/en/library/operating-system-error-codes/
2026-03-14 20:41:06 0 [ERROR] InnoDB: Could not find a valid tablespace file for ``phpmyadmin`.`pma__relation``. Please refer to https://mariadb.com/kb/en/innodb-data-dictionary-troubleshooting/ for how to resolve the issue.
2026-03-14 20:41:06 0 [Warning] InnoDB: Ignoring tablespace for `phpmyadmin`.`pma__relation` because it could not be opened.
2026-03-14 20:41:06 0 [ERROR] InnoDB: Operating system error number 3 in a file operation.
2026-03-14 20:41:06 0 [ERROR] InnoDB: The error means the system cannot find the path specified.
2026-03-14 20:41:06 0 [ERROR] InnoDB: If you are installing InnoDB, remember that you must create directories yourself, InnoDB does not create them.
2026-03-14 20:41:06 0 [ERROR] InnoDB: Cannot open datafile for read-only: '.\phpmyadmin\pma__savedsearches.ibd' OS error: 203
2026-03-14 20:41:06 0 [ERROR] InnoDB: Operating system error number 203 in a file operation.
2026-03-14 20:41:06 0 [Note] InnoDB: Some operating system error numbers are described at https://mariadb.com/kb/en/library/operating-system-error-codes/
2026-03-14 20:41:06 0 [ERROR] InnoDB: Could not find a valid tablespace file for ``phpmyadmin`.`pma__savedsearches``. Please refer to https://mariadb.com/kb/en/innodb-data-dictionary-troubleshooting/ for how to resolve the issue.
2026-03-14 20:41:06 0 [Warning] InnoDB: Ignoring tablespace for `phpmyadmin`.`pma__savedsearches` because it could not be opened.
2026-03-14 20:41:06 0 [ERROR] InnoDB: Operating system error number 3 in a file operation.
2026-03-14 20:41:06 0 [ERROR] InnoDB: The error means the system cannot find the path specified.
2026-03-14 20:41:06 0 [ERROR] InnoDB: If you are installing InnoDB, remember that you must create directories yourself, InnoDB does not create them.
2026-03-14 20:41:06 0 [ERROR] InnoDB: Cannot open datafile for read-only: '.\phpmyadmin\pma__table_coords.ibd' OS error: 203
2026-03-14 20:41:06 0 [ERROR] InnoDB: Operating system error number 203 in a file operation.
2026-03-14 20:41:06 0 [Note] InnoDB: Some operating system error numbers are described at https://mariadb.com/kb/en/library/operating-system-error-codes/
2026-03-14 20:41:06 0 [ERROR] InnoDB: Could not find a valid tablespace file for ``phpmyadmin`.`pma__table_coords``. Please refer to https://mariadb.com/kb/en/innodb-data-dictionary-troubleshooting/ for how to resolve the issue.
2026-03-14 20:41:06 0 [Warning] InnoDB: Ignoring tablespace for `phpmyadmin`.`pma__table_coords` because it could not be opened.
2026-03-14 20:41:06 0 [ERROR] InnoDB: Operating system error number 3 in a file operation.
2026-03-14 20:41:06 0 [ERROR] InnoDB: The error means the system cannot find the path specified.
2026-03-14 20:41:06 0 [ERROR] InnoDB: If you are installing InnoDB, remember that you must create directories yourself, InnoDB does not create them.
2026-03-14 20:41:06 0 [ERROR] InnoDB: Cannot open datafile for read-only: '.\phpmyadmin\pma__table_info.ibd' OS error: 203
2026-03-14 20:41:06 0 [ERROR] InnoDB: Operating system error number 203 in a file operation.
2026-03-14 20:41:06 0 [Note] InnoDB: Some operating system error numbers are described at https://mariadb.com/kb/en/library/operating-system-error-codes/
2026-03-14 20:41:06 0 [ERROR] InnoDB: Could not find a valid tablespace file for ``phpmyadmin`.`pma__table_info``. Please refer to https://mariadb.com/kb/en/innodb-data-dictionary-troubleshooting/ for how to resolve the issue.
2026-03-14 20:41:06 0 [Warning] InnoDB: Ignoring tablespace for `phpmyadmin`.`pma__table_info` because it could not be opened.
2026-03-14 20:41:06 0 [ERROR] InnoDB: Operating system error number 3 in a file operation.
2026-03-14 20:41:06 0 [ERROR] InnoDB: The error means the system cannot find the path specified.
2026-03-14 20:41:06 0 [ERROR] InnoDB: If you are installing InnoDB, remember that you must create directories yourself, InnoDB does not create them.
2026-03-14 20:41:06 0 [ERROR] InnoDB: Cannot open datafile for read-only: '.\phpmyadmin\pma__table_uiprefs.ibd' OS error: 203
2026-03-14 20:41:06 0 [ERROR] InnoDB: Operating system error number 203 in a file operation.
2026-03-14 20:41:06 0 [Note] InnoDB: Some operating system error numbers are described at https://mariadb.com/kb/en/library/operating-system-error-codes/
2026-03-14 20:41:06 0 [ERROR] InnoDB: Could not find a valid tablespace file for ``phpmyadmin`.`pma__table_uiprefs``. Please refer to https://mariadb.com/kb/en/innodb-data-dictionary-troubleshooting/ for how to resolve the issue.
2026-03-14 20:41:06 0 [Warning] InnoDB: Ignoring tablespace for `phpmyadmin`.`pma__table_uiprefs` because it could not be opened.
2026-03-14 20:41:06 0 [ERROR] InnoDB: Operating system error number 3 in a file operation.
2026-03-14 20:41:06 0 [ERROR] InnoDB: The error means the system cannot find the path specified.
2026-03-14 20:41:06 0 [ERROR] InnoDB: If you are installing InnoDB, remember that you must create directories yourself, InnoDB does not create them.
2026-03-14 20:41:06 0 [ERROR] InnoDB: Cannot open datafile for read-only: '.\phpmyadmin\pma__tracking.ibd' OS error: 203
2026-03-14 20:41:06 0 [ERROR] InnoDB: Operating system error number 203 in a file operation.
2026-03-14 20:41:06 0 [Note] InnoDB: Some operating system error numbers are described at https://mariadb.com/kb/en/library/operating-system-error-codes/
2026-03-14 20:41:06 0 [ERROR] InnoDB: Could not find a valid tablespace file for ``phpmyadmin`.`pma__tracking``. Please refer to https://mariadb.com/kb/en/innodb-data-dictionary-troubleshooting/ for how to resolve the issue.
2026-03-14 20:41:06 0 [Warning] InnoDB: Ignoring tablespace for `phpmyadmin`.`pma__tracking` because it could not be opened.
2026-03-14 20:41:06 0 [ERROR] InnoDB: Operating system error number 3 in a file operation.
2026-03-14 20:41:06 0 [ERROR] InnoDB: The error means the system cannot find the path specified.
2026-03-14 20:41:06 0 [ERROR] InnoDB: If you are installing InnoDB, remember that you must create directories yourself, InnoDB does not create them.
2026-03-14 20:41:06 0 [ERROR] InnoDB: Cannot open datafile for read-only: '.\phpmyadmin\pma__userconfig.ibd' OS error: 203
2026-03-14 20:41:06 0 [ERROR] InnoDB: Operating system error number 203 in a file operation.
2026-03-14 20:41:06 0 [Note] InnoDB: Some operating system error numbers are described at https://mariadb.com/kb/en/library/operating-system-error-codes/
2026-03-14 20:41:06 0 [ERROR] InnoDB: Could not find a valid tablespace file for ``phpmyadmin`.`pma__userconfig``. Please refer to https://mariadb.com/kb/en/innodb-data-dictionary-troubleshooting/ for how to resolve the issue.
2026-03-14 20:41:06 0 [Warning] InnoDB: Ignoring tablespace for `phpmyadmin`.`pma__userconfig` because it could not be opened.
2026-03-14 20:41:06 0 [ERROR] InnoDB: Operating system error number 3 in a file operation.
2026-03-14 20:41:06 0 [ERROR] InnoDB: The error means the system cannot find the path specified.
2026-03-14 20:41:06 0 [ERROR] InnoDB: If you are installing InnoDB, remember that you must create directories yourself, InnoDB does not create them.
2026-03-14 20:41:06 0 [ERROR] InnoDB: Cannot open datafile for read-only: '.\phpmyadmin\pma__usergroups.ibd' OS error: 203
2026-03-14 20:41:06 0 [ERROR] InnoDB: Operating system error number 203 in a file operation.
2026-03-14 20:41:06 0 [Note] InnoDB: Some operating system error numbers are described at https://mariadb.com/kb/en/library/operating-system-error-codes/
2026-03-14 20:41:06 0 [ERROR] InnoDB: Could not find a valid tablespace file for ``phpmyadmin`.`pma__usergroups``. Please refer to https://mariadb.com/kb/en/innodb-data-dictionary-troubleshooting/ for how to resolve the issue.
2026-03-14 20:41:06 0 [Warning] InnoDB: Ignoring tablespace for `phpmyadmin`.`pma__usergroups` because it could not be opened.
2026-03-14 20:41:06 0 [ERROR] InnoDB: Operating system error number 3 in a file operation.
2026-03-14 20:41:06 0 [ERROR] InnoDB: The error means the system cannot find the path specified.
2026-03-14 20:41:06 0 [ERROR] InnoDB: If you are installing InnoDB, remember that you must create directories yourself, InnoDB does not create them.
2026-03-14 20:41:06 0 [ERROR] InnoDB: Cannot open datafile for read-only: '.\phpmyadmin\pma__users.ibd' OS error: 203
2026-03-14 20:41:06 0 [ERROR] InnoDB: Operating system error number 203 in a file operation.
2026-03-14 20:41:06 0 [Note] InnoDB: Some operating system error numbers are described at https://mariadb.com/kb/en/library/operating-system-error-codes/
2026-03-14 20:41:06 0 [ERROR] InnoDB: Could not find a valid tablespace file for ``phpmyadmin`.`pma__users``. Please refer to https://mariadb.com/kb/en/innodb-data-dictionary-troubleshooting/ for how to resolve the issue.
2026-03-14 20:41:06 0 [Warning] InnoDB: Ignoring tablespace for `phpmyadmin`.`pma__users` because it could not be opened.
2026-03-14 20:41:06 0 [Note] InnoDB: 128 out of 128 rollback segments are active.
2026-03-14 20:41:06 0 [Note] InnoDB: Creating shared tablespace for temporary tables
2026-03-14 20:41:06 0 [Note] InnoDB: Setting file 'C:\moodle\server\mysql\data\ibtmp1' size to 12 MB. Physically writing the file full; Please wait ...
2026-03-14 20:41:06 0 [Note] InnoDB: File 'C:\moodle\server\mysql\data\ibtmp1' size is now 12 MB.
2026-03-14 20:41:06 0 [Note] InnoDB: Waiting for purge to start
2026-03-14 20:41:06 0 [Note] InnoDB: 10.4.28 started; log sequence number 12534054; transaction id 27145
2026-03-14 20:41:06 0 [Note] InnoDB: Loading buffer pool(s) from C:\moodle\server\mysql\data\ib_buffer_pool
2026-03-14 20:41:06 0 [Note] Plugin 'FEEDBACK' is disabled.
2026-03-14 20:41:06 0 [Note] Server socket created on IP: '::'.
2026-03-14 20:41:06 0 [Note] Reading of all Master_info entries succeeded
2026-03-14 20:41:06 0 [Note] Added new Master_info '' to hash table
2026-03-14 20:41:06 0 [Note] mysql\bin\mysqld.exe: ready for connections.
Version: '10.4.28-MariaDB'  socket: ''  port: 3306  mariadb.org binary distribution
2026-03-14 20:41:07 0 [Note] InnoDB: Buffer pool(s) load completed at 260314 20:41:07
2026-03-14 23:36:52 0 [Note] mysql\bin\mysqld.exe (initiated by: unknown): Normal shutdown
2026-03-14 23:36:52 0 [Note] Event Scheduler: Purging the queue. 0 events
2026-03-14 23:36:52 0 [Note] InnoDB: FTS optimize thread exiting.
2026-03-14 23:36:52 0 [Note] InnoDB: Starting shutdown...
2026-03-14 23:36:52 0 [Note] InnoDB: Dumping buffer pool(s) to C:\moodle\server\mysql\data\ib_buffer_pool
2026-03-14 23:36:52 0 [Note] InnoDB: Buffer pool(s) dump completed at 260314 23:36:52
2026-03-14 23:36:53 0 [Note] InnoDB: Removed temporary tablespace data file: "ibtmp1"
2026-03-14 23:36:53 0 [Note] InnoDB: Shutdown completed; log sequence number 14935158; transaction id 29148
2026-03-14 23:36:53 0 [Note] mysql\bin\mysqld.exe: Shutdown complete

2026-03-16 12:31:13 0 [Note] Starting MariaDB 10.4.28-MariaDB source revision c8f2e9a5c0ac5905f28b050b7df5a9ffd914b7e7 as process 22240
2026-03-16 12:31:13 0 [Note] InnoDB: Mutexes and rw_locks use Windows interlocked functions
2026-03-16 12:31:13 0 [Note] InnoDB: Uses event mutexes
2026-03-16 12:31:13 0 [Note] InnoDB: Compressed tables use zlib 1.2.12
2026-03-16 12:31:13 0 [Note] InnoDB: Number of pools: 1
2026-03-16 12:31:13 0 [Note] InnoDB: Using SSE2 crc32 instructions
2026-03-16 12:31:13 0 [Note] InnoDB: Initializing buffer pool, total size = 256M, instances = 1, chunk size = 128M
2026-03-16 12:31:13 0 [Note] InnoDB: Completed initialization of buffer pool
2026-03-16 12:31:16 0 [ERROR] InnoDB: Operating system error number 3 in a file operation.
2026-03-16 12:31:16 0 [ERROR] InnoDB: The error means the system cannot find the path specified.
2026-03-16 12:31:16 0 [ERROR] InnoDB: If you are installing InnoDB, remember that you must create directories yourself, InnoDB does not create them.
2026-03-16 12:31:16 0 [ERROR] InnoDB: Cannot open datafile for read-only: '.\phpmyadmin\pma__bookmark.ibd' OS error: 203
2026-03-16 12:31:16 0 [ERROR] InnoDB: Operating system error number 203 in a file operation.
2026-03-16 12:31:16 0 [Note] InnoDB: Some operating system error numbers are described at https://mariadb.com/kb/en/library/operating-system-error-codes/
2026-03-16 12:31:16 0 [ERROR] InnoDB: Could not find a valid tablespace file for ``phpmyadmin`.`pma__bookmark``. Please refer to https://mariadb.com/kb/en/innodb-data-dictionary-troubleshooting/ for how to resolve the issue.
2026-03-16 12:31:16 0 [Warning] InnoDB: Ignoring tablespace for `phpmyadmin`.`pma__bookmark` because it could not be opened.
2026-03-16 12:31:16 0 [ERROR] InnoDB: Operating system error number 3 in a file operation.
2026-03-16 12:31:16 0 [ERROR] InnoDB: The error means the system cannot find the path specified.
2026-03-16 12:31:16 0 [ERROR] InnoDB: If you are installing InnoDB, remember that you must create directories yourself, InnoDB does not create them.
2026-03-16 12:31:16 0 [ERROR] InnoDB: Cannot open datafile for read-only: '.\phpmyadmin\pma__central_columns.ibd' OS error: 203
2026-03-16 12:31:16 0 [ERROR] InnoDB: Operating system error number 203 in a file operation.
2026-03-16 12:31:16 0 [Note] InnoDB: Some operating system error numbers are described at https://mariadb.com/kb/en/library/operating-system-error-codes/
2026-03-16 12:31:16 0 [ERROR] InnoDB: Could not find a valid tablespace file for ``phpmyadmin`.`pma__central_columns``. Please refer to https://mariadb.com/kb/en/innodb-data-dictionary-troubleshooting/ for how to resolve the issue.
2026-03-16 12:31:16 0 [Warning] InnoDB: Ignoring tablespace for `phpmyadmin`.`pma__central_columns` because it could not be opened.
2026-03-16 12:31:16 0 [ERROR] InnoDB: Operating system error number 3 in a file operation.
2026-03-16 12:31:16 0 [ERROR] InnoDB: The error means the system cannot find the path specified.
2026-03-16 12:31:16 0 [ERROR] InnoDB: If you are installing InnoDB, remember that you must create directories yourself, InnoDB does not create them.
2026-03-16 12:31:16 0 [ERROR] InnoDB: Cannot open datafile for read-only: '.\phpmyadmin\pma__column_info.ibd' OS error: 203
2026-03-16 12:31:16 0 [ERROR] InnoDB: Operating system error number 203 in a file operation.
2026-03-16 12:31:16 0 [Note] InnoDB: Some operating system error numbers are described at https://mariadb.com/kb/en/library/operating-system-error-codes/
2026-03-16 12:31:16 0 [ERROR] InnoDB: Could not find a valid tablespace file for ``phpmyadmin`.`pma__column_info``. Please refer to https://mariadb.com/kb/en/innodb-data-dictionary-troubleshooting/ for how to resolve the issue.
2026-03-16 12:31:16 0 [Warning] InnoDB: Ignoring tablespace for `phpmyadmin`.`pma__column_info` because it could not be opened.
2026-03-16 12:31:16 0 [ERROR] InnoDB: Operating system error number 3 in a file operation.
2026-03-16 12:31:16 0 [ERROR] InnoDB: The error means the system cannot find the path specified.
2026-03-16 12:31:16 0 [ERROR] InnoDB: If you are installing InnoDB, remember that you must create directories yourself, InnoDB does not create them.
2026-03-16 12:31:16 0 [ERROR] InnoDB: Cannot open datafile for read-only: '.\phpmyadmin\pma__designer_settings.ibd' OS error: 203
2026-03-16 12:31:16 0 [ERROR] InnoDB: Operating system error number 203 in a file operation.
2026-03-16 12:31:16 0 [Note] InnoDB: Some operating system error numbers are described at https://mariadb.com/kb/en/library/operating-system-error-codes/
2026-03-16 12:31:16 0 [ERROR] InnoDB: Could not find a valid tablespace file for ``phpmyadmin`.`pma__designer_settings``. Please refer to https://mariadb.com/kb/en/innodb-data-dictionary-troubleshooting/ for how to resolve the issue.
2026-03-16 12:31:16 0 [Warning] InnoDB: Ignoring tablespace for `phpmyadmin`.`pma__designer_settings` because it could not be opened.
2026-03-16 12:31:16 0 [ERROR] InnoDB: Operating system error number 3 in a file operation.
2026-03-16 12:31:16 0 [ERROR] InnoDB: The error means the system cannot find the path specified.
2026-03-16 12:31:16 0 [ERROR] InnoDB: If you are installing InnoDB, remember that you must create directories yourself, InnoDB does not create them.
2026-03-16 12:31:16 0 [ERROR] InnoDB: Cannot open datafile for read-only: '.\phpmyadmin\pma__export_templates.ibd' OS error: 203
2026-03-16 12:31:16 0 [ERROR] InnoDB: Operating system error number 203 in a file operation.
2026-03-16 12:31:16 0 [Note] InnoDB: Some operating system error numbers are described at https://mariadb.com/kb/en/library/operating-system-error-codes/
2026-03-16 12:31:16 0 [ERROR] InnoDB: Could not find a valid tablespace file for ``phpmyadmin`.`pma__export_templates``. Please refer to https://mariadb.com/kb/en/innodb-data-dictionary-troubleshooting/ for how to resolve the issue.
2026-03-16 12:31:16 0 [Warning] InnoDB: Ignoring tablespace for `phpmyadmin`.`pma__export_templates` because it could not be opened.
2026-03-16 12:31:16 0 [ERROR] InnoDB: Operating system error number 3 in a file operation.
2026-03-16 12:31:16 0 [ERROR] InnoDB: The error means the system cannot find the path specified.
2026-03-16 12:31:16 0 [ERROR] InnoDB: If you are installing InnoDB, remember that you must create directories yourself, InnoDB does not create them.
2026-03-16 12:31:16 0 [ERROR] InnoDB: Cannot open datafile for read-only: '.\phpmyadmin\pma__favorite.ibd' OS error: 203
2026-03-16 12:31:16 0 [ERROR] InnoDB: Operating system error number 203 in a file operation.
2026-03-16 12:31:16 0 [Note] InnoDB: Some operating system error numbers are described at https://mariadb.com/kb/en/library/operating-system-error-codes/
2026-03-16 12:31:16 0 [ERROR] InnoDB: Could not find a valid tablespace file for ``phpmyadmin`.`pma__favorite``. Please refer to https://mariadb.com/kb/en/innodb-data-dictionary-troubleshooting/ for how to resolve the issue.
2026-03-16 12:31:16 0 [Warning] InnoDB: Ignoring tablespace for `phpmyadmin`.`pma__favorite` because it could not be opened.
2026-03-16 12:31:16 0 [ERROR] InnoDB: Operating system error number 3 in a file operation.
2026-03-16 12:31:16 0 [ERROR] InnoDB: The error means the system cannot find the path specified.
2026-03-16 12:31:16 0 [ERROR] InnoDB: If you are installing InnoDB, remember that you must create directories yourself, InnoDB does not create them.
2026-03-16 12:31:16 0 [ERROR] InnoDB: Cannot open datafile for read-only: '.\phpmyadmin\pma__history.ibd' OS error: 203
2026-03-16 12:31:16 0 [ERROR] InnoDB: Operating system error number 203 in a file operation.
2026-03-16 12:31:16 0 [Note] InnoDB: Some operating system error numbers are described at https://mariadb.com/kb/en/library/operating-system-error-codes/
2026-03-16 12:31:16 0 [ERROR] InnoDB: Could not find a valid tablespace file for ``phpmyadmin`.`pma__history``. Please refer to https://mariadb.com/kb/en/innodb-data-dictionary-troubleshooting/ for how to resolve the issue.
2026-03-16 12:31:16 0 [Warning] InnoDB: Ignoring tablespace for `phpmyadmin`.`pma__history` because it could not be opened.
2026-03-16 12:31:16 0 [ERROR] InnoDB: Operating system error number 3 in a file operation.
2026-03-16 12:31:16 0 [ERROR] InnoDB: The error means the system cannot find the path specified.
2026-03-16 12:31:16 0 [ERROR] InnoDB: If you are installing InnoDB, remember that you must create directories yourself, InnoDB does not create them.
2026-03-16 12:31:16 0 [ERROR] InnoDB: Cannot open datafile for read-only: '.\phpmyadmin\pma__navigationhiding.ibd' OS error: 203
2026-03-16 12:31:16 0 [ERROR] InnoDB: Operating system error number 203 in a file operation.
2026-03-16 12:31:16 0 [Note] InnoDB: Some operating system error numbers are described at https://mariadb.com/kb/en/library/operating-system-error-codes/
2026-03-16 12:31:16 0 [ERROR] InnoDB: Could not find a valid tablespace file for ``phpmyadmin`.`pma__navigationhiding``. Please refer to https://mariadb.com/kb/en/innodb-data-dictionary-troubleshooting/ for how to resolve the issue.
2026-03-16 12:31:16 0 [Warning] InnoDB: Ignoring tablespace for `phpmyadmin`.`pma__navigationhiding` because it could not be opened.
2026-03-16 12:31:16 0 [ERROR] InnoDB: Operating system error number 3 in a file operation.
2026-03-16 12:31:16 0 [ERROR] InnoDB: The error means the system cannot find the path specified.
2026-03-16 12:31:16 0 [ERROR] InnoDB: If you are installing InnoDB, remember that you must create directories yourself, InnoDB does not create them.
2026-03-16 12:31:16 0 [ERROR] InnoDB: Cannot open datafile for read-only: '.\phpmyadmin\pma__pdf_pages.ibd' OS error: 203
2026-03-16 12:31:16 0 [ERROR] InnoDB: Operating system error number 203 in a file operation.
2026-03-16 12:31:16 0 [Note] InnoDB: Some operating system error numbers are described at https://mariadb.com/kb/en/library/operating-system-error-codes/
2026-03-16 12:31:16 0 [ERROR] InnoDB: Could not find a valid tablespace file for ``phpmyadmin`.`pma__pdf_pages``. Please refer to https://mariadb.com/kb/en/innodb-data-dictionary-troubleshooting/ for how to resolve the issue.
2026-03-16 12:31:16 0 [Warning] InnoDB: Ignoring tablespace for `phpmyadmin`.`pma__pdf_pages` because it could not be opened.
2026-03-16 12:31:16 0 [ERROR] InnoDB: Operating system error number 3 in a file operation.
2026-03-16 12:31:16 0 [ERROR] InnoDB: The error means the system cannot find the path specified.
2026-03-16 12:31:16 0 [ERROR] InnoDB: If you are installing InnoDB, remember that you must create directories yourself, InnoDB does not create them.
2026-03-16 12:31:16 0 [ERROR] InnoDB: Cannot open datafile for read-only: '.\phpmyadmin\pma__recent.ibd' OS error: 203
2026-03-16 12:31:16 0 [ERROR] InnoDB: Operating system error number 203 in a file operation.
2026-03-16 12:31:16 0 [Note] InnoDB: Some operating system error numbers are described at https://mariadb.com/kb/en/library/operating-system-error-codes/
2026-03-16 12:31:16 0 [ERROR] InnoDB: Could not find a valid tablespace file for ``phpmyadmin`.`pma__recent``. Please refer to https://mariadb.com/kb/en/innodb-data-dictionary-troubleshooting/ for how to resolve the issue.
2026-03-16 12:31:16 0 [Warning] InnoDB: Ignoring tablespace for `phpmyadmin`.`pma__recent` because it could not be opened.
2026-03-16 12:31:16 0 [ERROR] InnoDB: Operating system error number 3 in a file operation.
2026-03-16 12:31:16 0 [ERROR] InnoDB: The error means the system cannot find the path specified.
2026-03-16 12:31:16 0 [ERROR] InnoDB: If you are installing InnoDB, remember that you must create directories yourself, InnoDB does not create them.
2026-03-16 12:31:16 0 [ERROR] InnoDB: Cannot open datafile for read-only: '.\phpmyadmin\pma__relation.ibd' OS error: 203
2026-03-16 12:31:16 0 [ERROR] InnoDB: Operating system error number 203 in a file operation.
2026-03-16 12:31:16 0 [Note] InnoDB: Some operating system error numbers are described at https://mariadb.com/kb/en/library/operating-system-error-codes/
2026-03-16 12:31:16 0 [ERROR] InnoDB: Could not find a valid tablespace file for ``phpmyadmin`.`pma__relation``. Please refer to https://mariadb.com/kb/en/innodb-data-dictionary-troubleshooting/ for how to resolve the issue.
2026-03-16 12:31:16 0 [Warning] InnoDB: Ignoring tablespace for `phpmyadmin`.`pma__relation` because it could not be opened.
2026-03-16 12:31:16 0 [ERROR] InnoDB: Operating system error number 3 in a file operation.
2026-03-16 12:31:16 0 [ERROR] InnoDB: The error means the system cannot find the path specified.
2026-03-16 12:31:16 0 [ERROR] InnoDB: If you are installing InnoDB, remember that you must create directories yourself, InnoDB does not create them.
2026-03-16 12:31:16 0 [ERROR] InnoDB: Cannot open datafile for read-only: '.\phpmyadmin\pma__savedsearches.ibd' OS error: 203
2026-03-16 12:31:16 0 [ERROR] InnoDB: Operating system error number 203 in a file operation.
2026-03-16 12:31:16 0 [Note] InnoDB: Some operating system error numbers are described at https://mariadb.com/kb/en/library/operating-system-error-codes/
2026-03-16 12:31:16 0 [ERROR] InnoDB: Could not find a valid tablespace file for ``phpmyadmin`.`pma__savedsearches``. Please refer to https://mariadb.com/kb/en/innodb-data-dictionary-troubleshooting/ for how to resolve the issue.
2026-03-16 12:31:16 0 [Warning] InnoDB: Ignoring tablespace for `phpmyadmin`.`pma__savedsearches` because it could not be opened.
2026-03-16 12:31:16 0 [ERROR] InnoDB: Operating system error number 3 in a file operation.
2026-03-16 12:31:16 0 [ERROR] InnoDB: The error means the system cannot find the path specified.
2026-03-16 12:31:16 0 [ERROR] InnoDB: If you are installing InnoDB, remember that you must create directories yourself, InnoDB does not create them.
2026-03-16 12:31:16 0 [ERROR] InnoDB: Cannot open datafile for read-only: '.\phpmyadmin\pma__table_coords.ibd' OS error: 203
2026-03-16 12:31:16 0 [ERROR] InnoDB: Operating system error number 203 in a file operation.
2026-03-16 12:31:16 0 [Note] InnoDB: Some operating system error numbers are described at https://mariadb.com/kb/en/library/operating-system-error-codes/
2026-03-16 12:31:16 0 [ERROR] InnoDB: Could not find a valid tablespace file for ``phpmyadmin`.`pma__table_coords``. Please refer to https://mariadb.com/kb/en/innodb-data-dictionary-troubleshooting/ for how to resolve the issue.
2026-03-16 12:31:16 0 [Warning] InnoDB: Ignoring tablespace for `phpmyadmin`.`pma__table_coords` because it could not be opened.
2026-03-16 12:31:16 0 [ERROR] InnoDB: Operating system error number 3 in a file operation.
2026-03-16 12:31:16 0 [ERROR] InnoDB: The error means the system cannot find the path specified.
2026-03-16 12:31:16 0 [ERROR] InnoDB: If you are installing InnoDB, remember that you must create directories yourself, InnoDB does not create them.
2026-03-16 12:31:16 0 [ERROR] InnoDB: Cannot open datafile for read-only: '.\phpmyadmin\pma__table_info.ibd' OS error: 203
2026-03-16 12:31:16 0 [ERROR] InnoDB: Operating system error number 203 in a file operation.
2026-03-16 12:31:16 0 [Note] InnoDB: Some operating system error numbers are described at https://mariadb.com/kb/en/library/operating-system-error-codes/
2026-03-16 12:31:16 0 [ERROR] InnoDB: Could not find a valid tablespace file for ``phpmyadmin`.`pma__table_info``. Please refer to https://mariadb.com/kb/en/innodb-data-dictionary-troubleshooting/ for how to resolve the issue.
2026-03-16 12:31:16 0 [Warning] InnoDB: Ignoring tablespace for `phpmyadmin`.`pma__table_info` because it could not be opened.
2026-03-16 12:31:16 0 [ERROR] InnoDB: Operating system error number 3 in a file operation.
2026-03-16 12:31:16 0 [ERROR] InnoDB: The error means the system cannot find the path specified.
2026-03-16 12:31:16 0 [ERROR] InnoDB: If you are installing InnoDB, remember that you must create directories yourself, InnoDB does not create them.
2026-03-16 12:31:16 0 [ERROR] InnoDB: Cannot open datafile for read-only: '.\phpmyadmin\pma__table_uiprefs.ibd' OS error: 203
2026-03-16 12:31:16 0 [ERROR] InnoDB: Operating system error number 203 in a file operation.
2026-03-16 12:31:16 0 [Note] InnoDB: Some operating system error numbers are described at https://mariadb.com/kb/en/library/operating-system-error-codes/
2026-03-16 12:31:16 0 [ERROR] InnoDB: Could not find a valid tablespace file for ``phpmyadmin`.`pma__table_uiprefs``. Please refer to https://mariadb.com/kb/en/innodb-data-dictionary-troubleshooting/ for how to resolve the issue.
2026-03-16 12:31:16 0 [Warning] InnoDB: Ignoring tablespace for `phpmyadmin`.`pma__table_uiprefs` because it could not be opened.
2026-03-16 12:31:16 0 [ERROR] InnoDB: Operating system error number 3 in a file operation.
2026-03-16 12:31:16 0 [ERROR] InnoDB: The error means the system cannot find the path specified.
2026-03-16 12:31:16 0 [ERROR] InnoDB: If you are installing InnoDB, remember that you must create directories yourself, InnoDB does not create them.
2026-03-16 12:31:16 0 [ERROR] InnoDB: Cannot open datafile for read-only: '.\phpmyadmin\pma__tracking.ibd' OS error: 203
2026-03-16 12:31:16 0 [ERROR] InnoDB: Operating system error number 203 in a file operation.
2026-03-16 12:31:16 0 [Note] InnoDB: Some operating system error numbers are described at https://mariadb.com/kb/en/library/operating-system-error-codes/
2026-03-16 12:31:16 0 [ERROR] InnoDB: Could not find a valid tablespace file for ``phpmyadmin`.`pma__tracking``. Please refer to https://mariadb.com/kb/en/innodb-data-dictionary-troubleshooting/ for how to resolve the issue.
2026-03-16 12:31:16 0 [Warning] InnoDB: Ignoring tablespace for `phpmyadmin`.`pma__tracking` because it could not be opened.
2026-03-16 12:31:16 0 [ERROR] InnoDB: Operating system error number 3 in a file operation.
2026-03-16 12:31:16 0 [ERROR] InnoDB: The error means the system cannot find the path specified.
2026-03-16 12:31:16 0 [ERROR] InnoDB: If you are installing InnoDB, remember that you must create directories yourself, InnoDB does not create them.
2026-03-16 12:31:16 0 [ERROR] InnoDB: Cannot open datafile for read-only: '.\phpmyadmin\pma__userconfig.ibd' OS error: 203
2026-03-16 12:31:16 0 [ERROR] InnoDB: Operating system error number 203 in a file operation.
2026-03-16 12:31:16 0 [Note] InnoDB: Some operating system error numbers are described at https://mariadb.com/kb/en/library/operating-system-error-codes/
2026-03-16 12:31:16 0 [ERROR] InnoDB: Could not find a valid tablespace file for ``phpmyadmin`.`pma__userconfig``. Please refer to https://mariadb.com/kb/en/innodb-data-dictionary-troubleshooting/ for how to resolve the issue.
2026-03-16 12:31:16 0 [Warning] InnoDB: Ignoring tablespace for `phpmyadmin`.`pma__userconfig` because it could not be opened.
2026-03-16 12:31:16 0 [ERROR] InnoDB: Operating system error number 3 in a file operation.
2026-03-16 12:31:16 0 [ERROR] InnoDB: The error means the system cannot find the path specified.
2026-03-16 12:31:16 0 [ERROR] InnoDB: If you are installing InnoDB, remember that you must create directories yourself, InnoDB does not create them.
2026-03-16 12:31:16 0 [ERROR] InnoDB: Cannot open datafile for read-only: '.\phpmyadmin\pma__usergroups.ibd' OS error: 203
2026-03-16 12:31:16 0 [ERROR] InnoDB: Operating system error number 203 in a file operation.
2026-03-16 12:31:16 0 [Note] InnoDB: Some operating system error numbers are described at https://mariadb.com/kb/en/library/operating-system-error-codes/
2026-03-16 12:31:16 0 [ERROR] InnoDB: Could not find a valid tablespace file for ``phpmyadmin`.`pma__usergroups``. Please refer to https://mariadb.com/kb/en/innodb-data-dictionary-troubleshooting/ for how to resolve the issue.
2026-03-16 12:31:16 0 [Warning] InnoDB: Ignoring tablespace for `phpmyadmin`.`pma__usergroups` because it could not be opened.
2026-03-16 12:31:16 0 [ERROR] InnoDB: Operating system error number 3 in a file operation.
2026-03-16 12:31:16 0 [ERROR] InnoDB: The error means the system cannot find the path specified.
2026-03-16 12:31:16 0 [ERROR] InnoDB: If you are installing InnoDB, remember that you must create directories yourself, InnoDB does not create them.
2026-03-16 12:31:16 0 [ERROR] InnoDB: Cannot open datafile for read-only: '.\phpmyadmin\pma__users.ibd' OS error: 203
2026-03-16 12:31:16 0 [ERROR] InnoDB: Operating system error number 203 in a file operation.
2026-03-16 12:31:16 0 [Note] InnoDB: Some operating system error numbers are described at https://mariadb.com/kb/en/library/operating-system-error-codes/
2026-03-16 12:31:16 0 [ERROR] InnoDB: Could not find a valid tablespace file for ``phpmyadmin`.`pma__users``. Please refer to https://mariadb.com/kb/en/innodb-data-dictionary-troubleshooting/ for how to resolve the issue.
2026-03-16 12:31:16 0 [Warning] InnoDB: Ignoring tablespace for `phpmyadmin`.`pma__users` because it could not be opened.
2026-03-16 12:31:16 0 [Note] InnoDB: 128 out of 128 rollback segments are active.
2026-03-16 12:31:16 0 [Note] InnoDB: Creating shared tablespace for temporary tables
2026-03-16 12:31:16 0 [Note] InnoDB: Setting file 'C:\moodle\server\mysql\data\ibtmp1' size to 12 MB. Physically writing the file full; Please wait ...
2026-03-16 12:31:16 0 [Note] InnoDB: File 'C:\moodle\server\mysql\data\ibtmp1' size is now 12 MB.
2026-03-16 12:31:16 0 [Note] InnoDB: Waiting for purge to start
2026-03-16 12:31:16 0 [Note] InnoDB: 10.4.28 started; log sequence number 14935158; transaction id 29150
2026-03-16 12:31:16 0 [Note] Plugin 'FEEDBACK' is disabled.
2026-03-16 12:31:16 0 [Note] InnoDB: Loading buffer pool(s) from C:\moodle\server\mysql\data\ib_buffer_pool
2026-03-16 12:31:16 0 [Note] Server socket created on IP: '::'.
2026-03-16 12:31:16 0 [Note] Reading of all Master_info entries succeeded
2026-03-16 12:31:16 0 [Note] Added new Master_info '' to hash table
2026-03-16 12:31:16 0 [Note] mysql\bin\mysqld.exe: ready for connections.
Version: '10.4.28-MariaDB'  socket: ''  port: 3306  mariadb.org binary distribution
2026-03-16 12:31:16 0 [Note] InnoDB: Buffer pool(s) load completed at 260316 12:31:16
2026-03-16 13:31:20 0 [Note] mysql\bin\mysqld.exe (initiated by: unknown): Normal shutdown
2026-03-16 13:31:20 0 [Note] Event Scheduler: Purging the queue. 0 events
2026-03-16 13:31:20 0 [Note] InnoDB: FTS optimize thread exiting.
2026-03-16 13:31:20 0 [Note] InnoDB: Starting shutdown...
2026-03-16 13:31:20 0 [Note] InnoDB: Dumping buffer pool(s) to C:\moodle\server\mysql\data\ib_buffer_pool
2026-03-16 13:31:20 0 [Note] InnoDB: Buffer pool(s) dump completed at 260316 13:31:20
2026-03-16 13:31:21 0 [Note] InnoDB: Removed temporary tablespace data file: "ibtmp1"
2026-03-16 13:31:21 0 [Note] InnoDB: Shutdown completed; log sequence number 15115599; transaction id 29378
2026-03-16 13:31:21 0 [Note] mysql\bin\mysqld.exe: Shutdown complete

2026-03-31 11:36:33 0 [Note] Starting MariaDB 10.4.28-MariaDB source revision c8f2e9a5c0ac5905f28b050b7df5a9ffd914b7e7 as process 20988
2026-03-31 11:36:33 0 [Note] InnoDB: Mutexes and rw_locks use Windows interlocked functions
2026-03-31 11:36:33 0 [Note] InnoDB: Uses event mutexes
2026-03-31 11:36:33 0 [Note] InnoDB: Compressed tables use zlib 1.2.12
2026-03-31 11:36:33 0 [Note] InnoDB: Number of pools: 1
2026-03-31 11:36:33 0 [Note] InnoDB: Using SSE2 crc32 instructions
2026-03-31 11:36:33 0 [Note] InnoDB: Initializing buffer pool, total size = 256M, instances = 1, chunk size = 128M
2026-03-31 11:36:33 0 [Note] InnoDB: Completed initialization of buffer pool
2026-03-31 11:36:37 0 [ERROR] InnoDB: Operating system error number 3 in a file operation.
2026-03-31 11:36:37 0 [ERROR] InnoDB: The error means the system cannot find the path specified.
2026-03-31 11:36:37 0 [ERROR] InnoDB: If you are installing InnoDB, remember that you must create directories yourself, InnoDB does not create them.
2026-03-31 11:36:37 0 [ERROR] InnoDB: Cannot open datafile for read-only: '.\phpmyadmin\pma__bookmark.ibd' OS error: 203
2026-03-31 11:36:37 0 [ERROR] InnoDB: Operating system error number 203 in a file operation.
2026-03-31 11:36:37 0 [Note] InnoDB: Some operating system error numbers are described at https://mariadb.com/kb/en/library/operating-system-error-codes/
2026-03-31 11:36:37 0 [ERROR] InnoDB: Could not find a valid tablespace file for ``phpmyadmin`.`pma__bookmark``. Please refer to https://mariadb.com/kb/en/innodb-data-dictionary-troubleshooting/ for how to resolve the issue.
2026-03-31 11:36:37 0 [Warning] InnoDB: Ignoring tablespace for `phpmyadmin`.`pma__bookmark` because it could not be opened.
2026-03-31 11:36:37 0 [ERROR] InnoDB: Operating system error number 3 in a file operation.
2026-03-31 11:36:37 0 [ERROR] InnoDB: The error means the system cannot find the path specified.
2026-03-31 11:36:37 0 [ERROR] InnoDB: If you are installing InnoDB, remember that you must create directories yourself, InnoDB does not create them.
2026-03-31 11:36:37 0 [ERROR] InnoDB: Cannot open datafile for read-only: '.\phpmyadmin\pma__central_columns.ibd' OS error: 203
2026-03-31 11:36:37 0 [ERROR] InnoDB: Operating system error number 203 in a file operation.
2026-03-31 11:36:37 0 [Note] InnoDB: Some operating system error numbers are described at https://mariadb.com/kb/en/library/operating-system-error-codes/
2026-03-31 11:36:37 0 [ERROR] InnoDB: Could not find a valid tablespace file for ``phpmyadmin`.`pma__central_columns``. Please refer to https://mariadb.com/kb/en/innodb-data-dictionary-troubleshooting/ for how to resolve the issue.
2026-03-31 11:36:37 0 [Warning] InnoDB: Ignoring tablespace for `phpmyadmin`.`pma__central_columns` because it could not be opened.
2026-03-31 11:36:37 0 [ERROR] InnoDB: Operating system error number 3 in a file operation.
2026-03-31 11:36:37 0 [ERROR] InnoDB: The error means the system cannot find the path specified.
2026-03-31 11:36:37 0 [ERROR] InnoDB: If you are installing InnoDB, remember that you must create directories yourself, InnoDB does not create them.
2026-03-31 11:36:37 0 [ERROR] InnoDB: Cannot open datafile for read-only: '.\phpmyadmin\pma__column_info.ibd' OS error: 203
2026-03-31 11:36:37 0 [ERROR] InnoDB: Operating system error number 203 in a file operation.
2026-03-31 11:36:37 0 [Note] InnoDB: Some operating system error numbers are described at https://mariadb.com/kb/en/library/operating-system-error-codes/
2026-03-31 11:36:37 0 [ERROR] InnoDB: Could not find a valid tablespace file for ``phpmyadmin`.`pma__column_info``. Please refer to https://mariadb.com/kb/en/innodb-data-dictionary-troubleshooting/ for how to resolve the issue.
2026-03-31 11:36:37 0 [Warning] InnoDB: Ignoring tablespace for `phpmyadmin`.`pma__column_info` because it could not be opened.
2026-03-31 11:36:37 0 [ERROR] InnoDB: Operating system error number 3 in a file operation.
2026-03-31 11:36:37 0 [ERROR] InnoDB: The error means the system cannot find the path specified.
2026-03-31 11:36:37 0 [ERROR] InnoDB: If you are installing InnoDB, remember that you must create directories yourself, InnoDB does not create them.
2026-03-31 11:36:37 0 [ERROR] InnoDB: Cannot open datafile for read-only: '.\phpmyadmin\pma__designer_settings.ibd' OS error: 203
2026-03-31 11:36:37 0 [ERROR] InnoDB: Operating system error number 203 in a file operation.
2026-03-31 11:36:37 0 [Note] InnoDB: Some operating system error numbers are described at https://mariadb.com/kb/en/library/operating-system-error-codes/
2026-03-31 11:36:37 0 [ERROR] InnoDB: Could not find a valid tablespace file for ``phpmyadmin`.`pma__designer_settings``. Please refer to https://mariadb.com/kb/en/innodb-data-dictionary-troubleshooting/ for how to resolve the issue.
2026-03-31 11:36:37 0 [Warning] InnoDB: Ignoring tablespace for `phpmyadmin`.`pma__designer_settings` because it could not be opened.
2026-03-31 11:36:37 0 [ERROR] InnoDB: Operating system error number 3 in a file operation.
2026-03-31 11:36:37 0 [ERROR] InnoDB: The error means the system cannot find the path specified.
2026-03-31 11:36:37 0 [ERROR] InnoDB: If you are installing InnoDB, remember that you must create directories yourself, InnoDB does not create them.
2026-03-31 11:36:37 0 [ERROR] InnoDB: Cannot open datafile for read-only: '.\phpmyadmin\pma__export_templates.ibd' OS error: 203
2026-03-31 11:36:37 0 [ERROR] InnoDB: Operating system error number 203 in a file operation.
2026-03-31 11:36:37 0 [Note] InnoDB: Some operating system error numbers are described at https://mariadb.com/kb/en/library/operating-system-error-codes/
2026-03-31 11:36:37 0 [ERROR] InnoDB: Could not find a valid tablespace file for ``phpmyadmin`.`pma__export_templates``. Please refer to https://mariadb.com/kb/en/innodb-data-dictionary-troubleshooting/ for how to resolve the issue.
2026-03-31 11:36:37 0 [Warning] InnoDB: Ignoring tablespace for `phpmyadmin`.`pma__export_templates` because it could not be opened.
2026-03-31 11:36:37 0 [ERROR] InnoDB: Operating system error number 3 in a file operation.
2026-03-31 11:36:37 0 [ERROR] InnoDB: The error means the system cannot find the path specified.
2026-03-31 11:36:37 0 [ERROR] InnoDB: If you are installing InnoDB, remember that you must create directories yourself, InnoDB does not create them.
2026-03-31 11:36:37 0 [ERROR] InnoDB: Cannot open datafile for read-only: '.\phpmyadmin\pma__favorite.ibd' OS error: 203
2026-03-31 11:36:37 0 [ERROR] InnoDB: Operating system error number 203 in a file operation.
2026-03-31 11:36:37 0 [Note] InnoDB: Some operating system error numbers are described at https://mariadb.com/kb/en/library/operating-system-error-codes/
2026-03-31 11:36:37 0 [ERROR] InnoDB: Could not find a valid tablespace file for ``phpmyadmin`.`pma__favorite``. Please refer to https://mariadb.com/kb/en/innodb-data-dictionary-troubleshooting/ for how to resolve the issue.
2026-03-31 11:36:37 0 [Warning] InnoDB: Ignoring tablespace for `phpmyadmin`.`pma__favorite` because it could not be opened.
2026-03-31 11:36:37 0 [ERROR] InnoDB: Operating system error number 3 in a file operation.
2026-03-31 11:36:37 0 [ERROR] InnoDB: The error means the system cannot find the path specified.
2026-03-31 11:36:37 0 [ERROR] InnoDB: If you are installing InnoDB, remember that you must create directories yourself, InnoDB does not create them.
2026-03-31 11:36:37 0 [ERROR] InnoDB: Cannot open datafile for read-only: '.\phpmyadmin\pma__history.ibd' OS error: 203
2026-03-31 11:36:37 0 [ERROR] InnoDB: Operating system error number 203 in a file operation.
2026-03-31 11:36:37 0 [Note] InnoDB: Some operating system error numbers are described at https://mariadb.com/kb/en/library/operating-system-error-codes/
2026-03-31 11:36:37 0 [ERROR] InnoDB: Could not find a valid tablespace file for ``phpmyadmin`.`pma__history``. Please refer to https://mariadb.com/kb/en/innodb-data-dictionary-troubleshooting/ for how to resolve the issue.
2026-03-31 11:36:37 0 [Warning] InnoDB: Ignoring tablespace for `phpmyadmin`.`pma__history` because it could not be opened.
2026-03-31 11:36:37 0 [ERROR] InnoDB: Operating system error number 3 in a file operation.
2026-03-31 11:36:37 0 [ERROR] InnoDB: The error means the system cannot find the path specified.
2026-03-31 11:36:37 0 [ERROR] InnoDB: If you are installing InnoDB, remember that you must create directories yourself, InnoDB does not create them.
2026-03-31 11:36:37 0 [ERROR] InnoDB: Cannot open datafile for read-only: '.\phpmyadmin\pma__navigationhiding.ibd' OS error: 203
2026-03-31 11:36:37 0 [ERROR] InnoDB: Operating system error number 203 in a file operation.
2026-03-31 11:36:37 0 [Note] InnoDB: Some operating system error numbers are described at https://mariadb.com/kb/en/library/operating-system-error-codes/
2026-03-31 11:36:37 0 [ERROR] InnoDB: Could not find a valid tablespace file for ``phpmyadmin`.`pma__navigationhiding``. Please refer to https://mariadb.com/kb/en/innodb-data-dictionary-troubleshooting/ for how to resolve the issue.
2026-03-31 11:36:37 0 [Warning] InnoDB: Ignoring tablespace for `phpmyadmin`.`pma__navigationhiding` because it could not be opened.
2026-03-31 11:36:37 0 [ERROR] InnoDB: Operating system error number 3 in a file operation.
2026-03-31 11:36:37 0 [ERROR] InnoDB: The error means the system cannot find the path specified.
2026-03-31 11:36:37 0 [ERROR] InnoDB: If you are installing InnoDB, remember that you must create directories yourself, InnoDB does not create them.
2026-03-31 11:36:37 0 [ERROR] InnoDB: Cannot open datafile for read-only: '.\phpmyadmin\pma__pdf_pages.ibd' OS error: 203
2026-03-31 11:36:37 0 [ERROR] InnoDB: Operating system error number 203 in a file operation.
2026-03-31 11:36:37 0 [Note] InnoDB: Some operating system error numbers are described at https://mariadb.com/kb/en/library/operating-system-error-codes/
2026-03-31 11:36:37 0 [ERROR] InnoDB: Could not find a valid tablespace file for ``phpmyadmin`.`pma__pdf_pages``. Please refer to https://mariadb.com/kb/en/innodb-data-dictionary-troubleshooting/ for how to resolve the issue.
2026-03-31 11:36:37 0 [Warning] InnoDB: Ignoring tablespace for `phpmyadmin`.`pma__pdf_pages` because it could not be opened.
2026-03-31 11:36:37 0 [ERROR] InnoDB: Operating system error number 3 in a file operation.
2026-03-31 11:36:37 0 [ERROR] InnoDB: The error means the system cannot find the path specified.
2026-03-31 11:36:37 0 [ERROR] InnoDB: If you are installing InnoDB, remember that you must create directories yourself, InnoDB does not create them.
2026-03-31 11:36:37 0 [ERROR] InnoDB: Cannot open datafile for read-only: '.\phpmyadmin\pma__recent.ibd' OS error: 203
2026-03-31 11:36:37 0 [ERROR] InnoDB: Operating system error number 203 in a file operation.
2026-03-31 11:36:37 0 [Note] InnoDB: Some operating system error numbers are described at https://mariadb.com/kb/en/library/operating-system-error-codes/
2026-03-31 11:36:37 0 [ERROR] InnoDB: Could not find a valid tablespace file for ``phpmyadmin`.`pma__recent``. Please refer to https://mariadb.com/kb/en/innodb-data-dictionary-troubleshooting/ for how to resolve the issue.
2026-03-31 11:36:37 0 [Warning] InnoDB: Ignoring tablespace for `phpmyadmin`.`pma__recent` because it could not be opened.
2026-03-31 11:36:37 0 [ERROR] InnoDB: Operating system error number 3 in a file operation.
2026-03-31 11:36:37 0 [ERROR] InnoDB: The error means the system cannot find the path specified.
2026-03-31 11:36:37 0 [ERROR] InnoDB: If you are installing InnoDB, remember that you must create directories yourself, InnoDB does not create them.
2026-03-31 11:36:37 0 [ERROR] InnoDB: Cannot open datafile for read-only: '.\phpmyadmin\pma__relation.ibd' OS error: 203
2026-03-31 11:36:37 0 [ERROR] InnoDB: Operating system error number 203 in a file operation.
2026-03-31 11:36:37 0 [Note] InnoDB: Some operating system error numbers are described at https://mariadb.com/kb/en/library/operating-system-error-codes/
2026-03-31 11:36:37 0 [ERROR] InnoDB: Could not find a valid tablespace file for ``phpmyadmin`.`pma__relation``. Please refer to https://mariadb.com/kb/en/innodb-data-dictionary-troubleshooting/ for how to resolve the issue.
2026-03-31 11:36:37 0 [Warning] InnoDB: Ignoring tablespace for `phpmyadmin`.`pma__relation` because it could not be opened.
2026-03-31 11:36:37 0 [ERROR] InnoDB: Operating system error number 3 in a file operation.
2026-03-31 11:36:37 0 [ERROR] InnoDB: The error means the system cannot find the path specified.
2026-03-31 11:36:37 0 [ERROR] InnoDB: If you are installing InnoDB, remember that you must create directories yourself, InnoDB does not create them.
2026-03-31 11:36:37 0 [ERROR] InnoDB: Cannot open datafile for read-only: '.\phpmyadmin\pma__savedsearches.ibd' OS error: 203
2026-03-31 11:36:37 0 [ERROR] InnoDB: Operating system error number 203 in a file operation.
2026-03-31 11:36:37 0 [Note] InnoDB: Some operating system error numbers are described at https://mariadb.com/kb/en/library/operating-system-error-codes/
2026-03-31 11:36:37 0 [ERROR] InnoDB: Could not find a valid tablespace file for ``phpmyadmin`.`pma__savedsearches``. Please refer to https://mariadb.com/kb/en/innodb-data-dictionary-troubleshooting/ for how to resolve the issue.
2026-03-31 11:36:37 0 [Warning] InnoDB: Ignoring tablespace for `phpmyadmin`.`pma__savedsearches` because it could not be opened.
2026-03-31 11:36:37 0 [ERROR] InnoDB: Operating system error number 3 in a file operation.
2026-03-31 11:36:37 0 [ERROR] InnoDB: The error means the system cannot find the path specified.
2026-03-31 11:36:37 0 [ERROR] InnoDB: If you are installing InnoDB, remember that you must create directories yourself, InnoDB does not create them.
2026-03-31 11:36:37 0 [ERROR] InnoDB: Cannot open datafile for read-only: '.\phpmyadmin\pma__table_coords.ibd' OS error: 203
2026-03-31 11:36:37 0 [ERROR] InnoDB: Operating system error number 203 in a file operation.
2026-03-31 11:36:37 0 [Note] InnoDB: Some operating system error numbers are described at https://mariadb.com/kb/en/library/operating-system-error-codes/
2026-03-31 11:36:37 0 [ERROR] InnoDB: Could not find a valid tablespace file for ``phpmyadmin`.`pma__table_coords``. Please refer to https://mariadb.com/kb/en/innodb-data-dictionary-troubleshooting/ for how to resolve the issue.
2026-03-31 11:36:37 0 [Warning] InnoDB: Ignoring tablespace for `phpmyadmin`.`pma__table_coords` because it could not be opened.
2026-03-31 11:36:37 0 [ERROR] InnoDB: Operating system error number 3 in a file operation.
2026-03-31 11:36:37 0 [ERROR] InnoDB: The error means the system cannot find the path specified.
2026-03-31 11:36:37 0 [ERROR] InnoDB: If you are installing InnoDB, remember that you must create directories yourself, InnoDB does not create them.
2026-03-31 11:36:37 0 [ERROR] InnoDB: Cannot open datafile for read-only: '.\phpmyadmin\pma__table_info.ibd' OS error: 203
2026-03-31 11:36:37 0 [ERROR] InnoDB: Operating system error number 203 in a file operation.
2026-03-31 11:36:37 0 [Note] InnoDB: Some operating system error numbers are described at https://mariadb.com/kb/en/library/operating-system-error-codes/
2026-03-31 11:36:37 0 [ERROR] InnoDB: Could not find a valid tablespace file for ``phpmyadmin`.`pma__table_info``. Please refer to https://mariadb.com/kb/en/innodb-data-dictionary-troubleshooting/ for how to resolve the issue.
2026-03-31 11:36:37 0 [Warning] InnoDB: Ignoring tablespace for `phpmyadmin`.`pma__table_info` because it could not be opened.
2026-03-31 11:36:37 0 [ERROR] InnoDB: Operating system error number 3 in a file operation.
2026-03-31 11:36:37 0 [ERROR] InnoDB: The error means the system cannot find the path specified.
2026-03-31 11:36:37 0 [ERROR] InnoDB: If you are installing InnoDB, remember that you must create directories yourself, InnoDB does not create them.
2026-03-31 11:36:37 0 [ERROR] InnoDB: Cannot open datafile for read-only: '.\phpmyadmin\pma__table_uiprefs.ibd' OS error: 203
2026-03-31 11:36:37 0 [ERROR] InnoDB: Operating system error number 203 in a file operation.
2026-03-31 11:36:37 0 [Note] InnoDB: Some operating system error numbers are described at https://mariadb.com/kb/en/library/operating-system-error-codes/
2026-03-31 11:36:37 0 [ERROR] InnoDB: Could not find a valid tablespace file for ``phpmyadmin`.`pma__table_uiprefs``. Please refer to https://mariadb.com/kb/en/innodb-data-dictionary-troubleshooting/ for how to resolve the issue.
2026-03-31 11:36:37 0 [Warning] InnoDB: Ignoring tablespace for `phpmyadmin`.`pma__table_uiprefs` because it could not be opened.
2026-03-31 11:36:37 0 [ERROR] InnoDB: Operating system error number 3 in a file operation.
2026-03-31 11:36:37 0 [ERROR] InnoDB: The error means the system cannot find the path specified.
2026-03-31 11:36:37 0 [ERROR] InnoDB: If you are installing InnoDB, remember that you must create directories yourself, InnoDB does not create them.
2026-03-31 11:36:37 0 [ERROR] InnoDB: Cannot open datafile for read-only: '.\phpmyadmin\pma__tracking.ibd' OS error: 203
2026-03-31 11:36:37 0 [ERROR] InnoDB: Operating system error number 203 in a file operation.
2026-03-31 11:36:37 0 [Note] InnoDB: Some operating system error numbers are described at https://mariadb.com/kb/en/library/operating-system-error-codes/
2026-03-31 11:36:37 0 [ERROR] InnoDB: Could not find a valid tablespace file for ``phpmyadmin`.`pma__tracking``. Please refer to https://mariadb.com/kb/en/innodb-data-dictionary-troubleshooting/ for how to resolve the issue.
2026-03-31 11:36:37 0 [Warning] InnoDB: Ignoring tablespace for `phpmyadmin`.`pma__tracking` because it could not be opened.
2026-03-31 11:36:37 0 [ERROR] InnoDB: Operating system error number 3 in a file operation.
2026-03-31 11:36:37 0 [ERROR] InnoDB: The error means the system cannot find the path specified.
2026-03-31 11:36:37 0 [ERROR] InnoDB: If you are installing InnoDB, remember that you must create directories yourself, InnoDB does not create them.
2026-03-31 11:36:37 0 [ERROR] InnoDB: Cannot open datafile for read-only: '.\phpmyadmin\pma__userconfig.ibd' OS error: 203
2026-03-31 11:36:37 0 [ERROR] InnoDB: Operating system error number 203 in a file operation.
2026-03-31 11:36:37 0 [Note] InnoDB: Some operating system error numbers are described at https://mariadb.com/kb/en/library/operating-system-error-codes/
2026-03-31 11:36:37 0 [ERROR] InnoDB: Could not find a valid tablespace file for ``phpmyadmin`.`pma__userconfig``. Please refer to https://mariadb.com/kb/en/innodb-data-dictionary-troubleshooting/ for how to resolve the issue.
2026-03-31 11:36:37 0 [Warning] InnoDB: Ignoring tablespace for `phpmyadmin`.`pma__userconfig` because it could not be opened.
2026-03-31 11:36:37 0 [ERROR] InnoDB: Operating system error number 3 in a file operation.
2026-03-31 11:36:37 0 [ERROR] InnoDB: The error means the system cannot find the path specified.
2026-03-31 11:36:37 0 [ERROR] InnoDB: If you are installing InnoDB, remember that you must create directories yourself, InnoDB does not create them.
2026-03-31 11:36:37 0 [ERROR] InnoDB: Cannot open datafile for read-only: '.\phpmyadmin\pma__usergroups.ibd' OS error: 203
2026-03-31 11:36:37 0 [ERROR] InnoDB: Operating system error number 203 in a file operation.
2026-03-31 11:36:37 0 [Note] InnoDB: Some operating system error numbers are described at https://mariadb.com/kb/en/library/operating-system-error-codes/
2026-03-31 11:36:37 0 [ERROR] InnoDB: Could not find a valid tablespace file for ``phpmyadmin`.`pma__usergroups``. Please refer to https://mariadb.com/kb/en/innodb-data-dictionary-troubleshooting/ for how to resolve the issue.
2026-03-31 11:36:37 0 [Warning] InnoDB: Ignoring tablespace for `phpmyadmin`.`pma__usergroups` because it could not be opened.
2026-03-31 11:36:37 0 [ERROR] InnoDB: Operating system error number 3 in a file operation.
2026-03-31 11:36:37 0 [ERROR] InnoDB: The error means the system cannot find the path specified.
2026-03-31 11:36:37 0 [ERROR] InnoDB: If you are installing InnoDB, remember that you must create directories yourself, InnoDB does not create them.
2026-03-31 11:36:37 0 [ERROR] InnoDB: Cannot open datafile for read-only: '.\phpmyadmin\pma__users.ibd' OS error: 203
2026-03-31 11:36:37 0 [ERROR] InnoDB: Operating system error number 203 in a file operation.
2026-03-31 11:36:37 0 [Note] InnoDB: Some operating system error numbers are described at https://mariadb.com/kb/en/library/operating-system-error-codes/
2026-03-31 11:36:37 0 [ERROR] InnoDB: Could not find a valid tablespace file for ``phpmyadmin`.`pma__users``. Please refer to https://mariadb.com/kb/en/innodb-data-dictionary-troubleshooting/ for how to resolve the issue.
2026-03-31 11:36:37 0 [Warning] InnoDB: Ignoring tablespace for `phpmyadmin`.`pma__users` because it could not be opened.
2026-03-31 11:36:37 0 [Note] InnoDB: 128 out of 128 rollback segments are active.
2026-03-31 11:36:37 0 [Note] InnoDB: Creating shared tablespace for temporary tables
2026-03-31 11:36:37 0 [Note] InnoDB: Setting file 'C:\moodle\server\mysql\data\ibtmp1' size to 12 MB. Physically writing the file full; Please wait ...
2026-03-31 11:36:37 0 [Note] InnoDB: File 'C:\moodle\server\mysql\data\ibtmp1' size is now 12 MB.
2026-03-31 11:36:37 0 [Note] InnoDB: Waiting for purge to start
2026-03-31 11:36:37 0 [Note] InnoDB: 10.4.28 started; log sequence number 15115599; transaction id 29379
2026-03-31 11:36:37 0 [Note] Plugin 'FEEDBACK' is disabled.
2026-03-31 11:36:37 0 [Note] InnoDB: Loading buffer pool(s) from C:\moodle\server\mysql\data\ib_buffer_pool
2026-03-31 11:36:37 0 [Note] Server socket created on IP: '::'.
2026-03-31 11:36:37 0 [Note] Reading of all Master_info entries succeeded
2026-03-31 11:36:37 0 [Note] Added new Master_info '' to hash table
2026-03-31 11:36:37 0 [Note] mysql\bin\mysqld.exe: ready for connections.
Version: '10.4.28-MariaDB'  socket: ''  port: 3306  mariadb.org binary distribution
2026-03-31 11:36:38 0 [Note] InnoDB: Buffer pool(s) load completed at 260331 11:36:38
2026-03-31 12:48:01 0 [Note] mysql\bin\mysqld.exe (initiated by: unknown): Normal shutdown
2026-03-31 12:48:01 0 [Note] Event Scheduler: Purging the queue. 0 events
2026-03-31 12:48:01 0 [Note] InnoDB: FTS optimize thread exiting.
2026-03-31 12:48:01 0 [Note] InnoDB: Starting shutdown...
2026-03-31 12:48:01 0 [Note] InnoDB: Dumping buffer pool(s) to C:\moodle\server\mysql\data\ib_buffer_pool
2026-03-31 12:48:01 0 [Note] InnoDB: Buffer pool(s) dump completed at 260331 12:48:01
2026-03-31 12:48:03 0 [Note] InnoDB: Removed temporary tablespace data file: "ibtmp1"
2026-03-31 12:48:03 0 [Note] InnoDB: Shutdown completed; log sequence number 15150925; transaction id 29469
2026-03-31 12:48:03 0 [Note] mysql\bin\mysqld.exe: Shutdown complete

2026-05-05 14:00:03 0 [Note] Starting MariaDB 10.4.28-MariaDB source revision c8f2e9a5c0ac5905f28b050b7df5a9ffd914b7e7 as process 8060
2026-05-05 14:00:03 0 [Note] InnoDB: Mutexes and rw_locks use Windows interlocked functions
2026-05-05 14:00:03 0 [Note] InnoDB: Uses event mutexes
2026-05-05 14:00:03 0 [Note] InnoDB: Compressed tables use zlib 1.2.12
2026-05-05 14:00:03 0 [Note] InnoDB: Number of pools: 1
2026-05-05 14:00:03 0 [Note] InnoDB: Using SSE2 crc32 instructions
2026-05-05 14:00:03 0 [Note] InnoDB: Initializing buffer pool, total size = 256M, instances = 1, chunk size = 128M
2026-05-05 14:00:03 0 [Note] InnoDB: Completed initialization of buffer pool
2026-05-05 14:00:08 0 [ERROR] InnoDB: Operating system error number 3 in a file operation.
2026-05-05 14:00:08 0 [ERROR] InnoDB: The error means the system cannot find the path specified.
2026-05-05 14:00:08 0 [ERROR] InnoDB: If you are installing InnoDB, remember that you must create directories yourself, InnoDB does not create them.
2026-05-05 14:00:08 0 [ERROR] InnoDB: Cannot open datafile for read-only: '.\phpmyadmin\pma__bookmark.ibd' OS error: 203
2026-05-05 14:00:08 0 [ERROR] InnoDB: Operating system error number 203 in a file operation.
2026-05-05 14:00:08 0 [Note] InnoDB: Some operating system error numbers are described at https://mariadb.com/kb/en/library/operating-system-error-codes/
2026-05-05 14:00:08 0 [ERROR] InnoDB: Could not find a valid tablespace file for ``phpmyadmin`.`pma__bookmark``. Please refer to https://mariadb.com/kb/en/innodb-data-dictionary-troubleshooting/ for how to resolve the issue.
2026-05-05 14:00:08 0 [Warning] InnoDB: Ignoring tablespace for `phpmyadmin`.`pma__bookmark` because it could not be opened.
2026-05-05 14:00:08 0 [ERROR] InnoDB: Operating system error number 3 in a file operation.
2026-05-05 14:00:08 0 [ERROR] InnoDB: The error means the system cannot find the path specified.
2026-05-05 14:00:08 0 [ERROR] InnoDB: If you are installing InnoDB, remember that you must create directories yourself, InnoDB does not create them.
2026-05-05 14:00:08 0 [ERROR] InnoDB: Cannot open datafile for read-only: '.\phpmyadmin\pma__central_columns.ibd' OS error: 203
2026-05-05 14:00:08 0 [ERROR] InnoDB: Operating system error number 203 in a file operation.
2026-05-05 14:00:08 0 [Note] InnoDB: Some operating system error numbers are described at https://mariadb.com/kb/en/library/operating-system-error-codes/
2026-05-05 14:00:08 0 [ERROR] InnoDB: Could not find a valid tablespace file for ``phpmyadmin`.`pma__central_columns``. Please refer to https://mariadb.com/kb/en/innodb-data-dictionary-troubleshooting/ for how to resolve the issue.
2026-05-05 14:00:08 0 [Warning] InnoDB: Ignoring tablespace for `phpmyadmin`.`pma__central_columns` because it could not be opened.
2026-05-05 14:00:08 0 [ERROR] InnoDB: Operating system error number 3 in a file operation.
2026-05-05 14:00:08 0 [ERROR] InnoDB: The error means the system cannot find the path specified.
2026-05-05 14:00:08 0 [ERROR] InnoDB: If you are installing InnoDB, remember that you must create directories yourself, InnoDB does not create them.
2026-05-05 14:00:08 0 [ERROR] InnoDB: Cannot open datafile for read-only: '.\phpmyadmin\pma__column_info.ibd' OS error: 203
2026-05-05 14:00:08 0 [ERROR] InnoDB: Operating system error number 203 in a file operation.
2026-05-05 14:00:08 0 [Note] InnoDB: Some operating system error numbers are described at https://mariadb.com/kb/en/library/operating-system-error-codes/
2026-05-05 14:00:08 0 [ERROR] InnoDB: Could not find a valid tablespace file for ``phpmyadmin`.`pma__column_info``. Please refer to https://mariadb.com/kb/en/innodb-data-dictionary-troubleshooting/ for how to resolve the issue.
2026-05-05 14:00:08 0 [Warning] InnoDB: Ignoring tablespace for `phpmyadmin`.`pma__column_info` because it could not be opened.
2026-05-05 14:00:08 0 [ERROR] InnoDB: Operating system error number 3 in a file operation.
2026-05-05 14:00:08 0 [ERROR] InnoDB: The error means the system cannot find the path specified.
2026-05-05 14:00:08 0 [ERROR] InnoDB: If you are installing InnoDB, remember that you must create directories yourself, InnoDB does not create them.
2026-05-05 14:00:08 0 [ERROR] InnoDB: Cannot open datafile for read-only: '.\phpmyadmin\pma__designer_settings.ibd' OS error: 203
2026-05-05 14:00:08 0 [ERROR] InnoDB: Operating system error number 203 in a file operation.
2026-05-05 14:00:08 0 [Note] InnoDB: Some operating system error numbers are described at https://mariadb.com/kb/en/library/operating-system-error-codes/
2026-05-05 14:00:08 0 [ERROR] InnoDB: Could not find a valid tablespace file for ``phpmyadmin`.`pma__designer_settings``. Please refer to https://mariadb.com/kb/en/innodb-data-dictionary-troubleshooting/ for how to resolve the issue.
2026-05-05 14:00:08 0 [Warning] InnoDB: Ignoring tablespace for `phpmyadmin`.`pma__designer_settings` because it could not be opened.
2026-05-05 14:00:08 0 [ERROR] InnoDB: Operating system error number 3 in a file operation.
2026-05-05 14:00:08 0 [ERROR] InnoDB: The error means the system cannot find the path specified.
2026-05-05 14:00:08 0 [ERROR] InnoDB: If you are installing InnoDB, remember that you must create directories yourself, InnoDB does not create them.
2026-05-05 14:00:08 0 [ERROR] InnoDB: Cannot open datafile for read-only: '.\phpmyadmin\pma__export_templates.ibd' OS error: 203
2026-05-05 14:00:08 0 [ERROR] InnoDB: Operating system error number 203 in a file operation.
2026-05-05 14:00:08 0 [Note] InnoDB: Some operating system error numbers are described at https://mariadb.com/kb/en/library/operating-system-error-codes/
2026-05-05 14:00:08 0 [ERROR] InnoDB: Could not find a valid tablespace file for ``phpmyadmin`.`pma__export_templates``. Please refer to https://mariadb.com/kb/en/innodb-data-dictionary-troubleshooting/ for how to resolve the issue.
2026-05-05 14:00:08 0 [Warning] InnoDB: Ignoring tablespace for `phpmyadmin`.`pma__export_templates` because it could not be opened.
2026-05-05 14:00:08 0 [ERROR] InnoDB: Operating system error number 3 in a file operation.
2026-05-05 14:00:08 0 [ERROR] InnoDB: The error means the system cannot find the path specified.
2026-05-05 14:00:08 0 [ERROR] InnoDB: If you are installing InnoDB, remember that you must create directories yourself, InnoDB does not create them.
2026-05-05 14:00:08 0 [ERROR] InnoDB: Cannot open datafile for read-only: '.\phpmyadmin\pma__favorite.ibd' OS error: 203
2026-05-05 14:00:08 0 [ERROR] InnoDB: Operating system error number 203 in a file operation.
2026-05-05 14:00:08 0 [Note] InnoDB: Some operating system error numbers are described at https://mariadb.com/kb/en/library/operating-system-error-codes/
2026-05-05 14:00:08 0 [ERROR] InnoDB: Could not find a valid tablespace file for ``phpmyadmin`.`pma__favorite``. Please refer to https://mariadb.com/kb/en/innodb-data-dictionary-troubleshooting/ for how to resolve the issue.
2026-05-05 14:00:08 0 [Warning] InnoDB: Ignoring tablespace for `phpmyadmin`.`pma__favorite` because it could not be opened.
2026-05-05 14:00:08 0 [ERROR] InnoDB: Operating system error number 3 in a file operation.
2026-05-05 14:00:08 0 [ERROR] InnoDB: The error means the system cannot find the path specified.
2026-05-05 14:00:08 0 [ERROR] InnoDB: If you are installing InnoDB, remember that you must create directories yourself, InnoDB does not create them.
2026-05-05 14:00:08 0 [ERROR] InnoDB: Cannot open datafile for read-only: '.\phpmyadmin\pma__history.ibd' OS error: 203
2026-05-05 14:00:08 0 [ERROR] InnoDB: Operating system error number 203 in a file operation.
2026-05-05 14:00:08 0 [Note] InnoDB: Some operating system error numbers are described at https://mariadb.com/kb/en/library/operating-system-error-codes/
2026-05-05 14:00:08 0 [ERROR] InnoDB: Could not find a valid tablespace file for ``phpmyadmin`.`pma__history``. Please refer to https://mariadb.com/kb/en/innodb-data-dictionary-troubleshooting/ for how to resolve the issue.
2026-05-05 14:00:08 0 [Warning] InnoDB: Ignoring tablespace for `phpmyadmin`.`pma__history` because it could not be opened.
2026-05-05 14:00:08 0 [ERROR] InnoDB: Operating system error number 3 in a file operation.
2026-05-05 14:00:08 0 [ERROR] InnoDB: The error means the system cannot find the path specified.
2026-05-05 14:00:08 0 [ERROR] InnoDB: If you are installing InnoDB, remember that you must create directories yourself, InnoDB does not create them.
2026-05-05 14:00:08 0 [ERROR] InnoDB: Cannot open datafile for read-only: '.\phpmyadmin\pma__navigationhiding.ibd' OS error: 203
2026-05-05 14:00:08 0 [ERROR] InnoDB: Operating system error number 203 in a file operation.
2026-05-05 14:00:08 0 [Note] InnoDB: Some operating system error numbers are described at https://mariadb.com/kb/en/library/operating-system-error-codes/
2026-05-05 14:00:08 0 [ERROR] InnoDB: Could not find a valid tablespace file for ``phpmyadmin`.`pma__navigationhiding``. Please refer to https://mariadb.com/kb/en/innodb-data-dictionary-troubleshooting/ for how to resolve the issue.
2026-05-05 14:00:08 0 [Warning] InnoDB: Ignoring tablespace for `phpmyadmin`.`pma__navigationhiding` because it could not be opened.
2026-05-05 14:00:08 0 [ERROR] InnoDB: Operating system error number 3 in a file operation.
2026-05-05 14:00:08 0 [ERROR] InnoDB: The error means the system cannot find the path specified.
2026-05-05 14:00:08 0 [ERROR] InnoDB: If you are installing InnoDB, remember that you must create directories yourself, InnoDB does not create them.
2026-05-05 14:00:08 0 [ERROR] InnoDB: Cannot open datafile for read-only: '.\phpmyadmin\pma__pdf_pages.ibd' OS error: 203
2026-05-05 14:00:08 0 [ERROR] InnoDB: Operating system error number 203 in a file operation.
2026-05-05 14:00:08 0 [Note] InnoDB: Some operating system error numbers are described at https://mariadb.com/kb/en/library/operating-system-error-codes/
2026-05-05 14:00:08 0 [ERROR] InnoDB: Could not find a valid tablespace file for ``phpmyadmin`.`pma__pdf_pages``. Please refer to https://mariadb.com/kb/en/innodb-data-dictionary-troubleshooting/ for how to resolve the issue.
2026-05-05 14:00:08 0 [Warning] InnoDB: Ignoring tablespace for `phpmyadmin`.`pma__pdf_pages` because it could not be opened.
2026-05-05 14:00:08 0 [ERROR] InnoDB: Operating system error number 3 in a file operation.
2026-05-05 14:00:08 0 [ERROR] InnoDB: The error means the system cannot find the path specified.
2026-05-05 14:00:08 0 [ERROR] InnoDB: If you are installing InnoDB, remember that you must create directories yourself, InnoDB does not create them.
2026-05-05 14:00:08 0 [ERROR] InnoDB: Cannot open datafile for read-only: '.\phpmyadmin\pma__recent.ibd' OS error: 203
2026-05-05 14:00:08 0 [ERROR] InnoDB: Operating system error number 203 in a file operation.
2026-05-05 14:00:08 0 [Note] InnoDB: Some operating system error numbers are described at https://mariadb.com/kb/en/library/operating-system-error-codes/
2026-05-05 14:00:08 0 [ERROR] InnoDB: Could not find a valid tablespace file for ``phpmyadmin`.`pma__recent``. Please refer to https://mariadb.com/kb/en/innodb-data-dictionary-troubleshooting/ for how to resolve the issue.
2026-05-05 14:00:08 0 [Warning] InnoDB: Ignoring tablespace for `phpmyadmin`.`pma__recent` because it could not be opened.
2026-05-05 14:00:08 0 [ERROR] InnoDB: Operating system error number 3 in a file operation.
2026-05-05 14:00:08 0 [ERROR] InnoDB: The error means the system cannot find the path specified.
2026-05-05 14:00:08 0 [ERROR] InnoDB: If you are installing InnoDB, remember that you must create directories yourself, InnoDB does not create them.
2026-05-05 14:00:08 0 [ERROR] InnoDB: Cannot open datafile for read-only: '.\phpmyadmin\pma__relation.ibd' OS error: 203
2026-05-05 14:00:08 0 [ERROR] InnoDB: Operating system error number 203 in a file operation.
2026-05-05 14:00:08 0 [Note] InnoDB: Some operating system error numbers are described at https://mariadb.com/kb/en/library/operating-system-error-codes/
2026-05-05 14:00:08 0 [ERROR] InnoDB: Could not find a valid tablespace file for ``phpmyadmin`.`pma__relation``. Please refer to https://mariadb.com/kb/en/innodb-data-dictionary-troubleshooting/ for how to resolve the issue.
2026-05-05 14:00:08 0 [Warning] InnoDB: Ignoring tablespace for `phpmyadmin`.`pma__relation` because it could not be opened.
2026-05-05 14:00:08 0 [ERROR] InnoDB: Operating system error number 3 in a file operation.
2026-05-05 14:00:08 0 [ERROR] InnoDB: The error means the system cannot find the path specified.
2026-05-05 14:00:08 0 [ERROR] InnoDB: If you are installing InnoDB, remember that you must create directories yourself, InnoDB does not create them.
2026-05-05 14:00:08 0 [ERROR] InnoDB: Cannot open datafile for read-only: '.\phpmyadmin\pma__savedsearches.ibd' OS error: 203
2026-05-05 14:00:08 0 [ERROR] InnoDB: Operating system error number 203 in a file operation.
2026-05-05 14:00:08 0 [Note] InnoDB: Some operating system error numbers are described at https://mariadb.com/kb/en/library/operating-system-error-codes/
2026-05-05 14:00:08 0 [ERROR] InnoDB: Could not find a valid tablespace file for ``phpmyadmin`.`pma__savedsearches``. Please refer to https://mariadb.com/kb/en/innodb-data-dictionary-troubleshooting/ for how to resolve the issue.
2026-05-05 14:00:08 0 [Warning] InnoDB: Ignoring tablespace for `phpmyadmin`.`pma__savedsearches` because it could not be opened.
2026-05-05 14:00:08 0 [ERROR] InnoDB: Operating system error number 3 in a file operation.
2026-05-05 14:00:08 0 [ERROR] InnoDB: The error means the system cannot find the path specified.
2026-05-05 14:00:08 0 [ERROR] InnoDB: If you are installing InnoDB, remember that you must create directories yourself, InnoDB does not create them.
2026-05-05 14:00:08 0 [ERROR] InnoDB: Cannot open datafile for read-only: '.\phpmyadmin\pma__table_coords.ibd' OS error: 203
2026-05-05 14:00:08 0 [ERROR] InnoDB: Operating system error number 203 in a file operation.
2026-05-05 14:00:08 0 [Note] InnoDB: Some operating system error numbers are described at https://mariadb.com/kb/en/library/operating-system-error-codes/
2026-05-05 14:00:08 0 [ERROR] InnoDB: Could not find a valid tablespace file for ``phpmyadmin`.`pma__table_coords``. Please refer to https://mariadb.com/kb/en/innodb-data-dictionary-troubleshooting/ for how to resolve the issue.
2026-05-05 14:00:08 0 [Warning] InnoDB: Ignoring tablespace for `phpmyadmin`.`pma__table_coords` because it could not be opened.
2026-05-05 14:00:08 0 [ERROR] InnoDB: Operating system error number 3 in a file operation.
2026-05-05 14:00:08 0 [ERROR] InnoDB: The error means the system cannot find the path specified.
2026-05-05 14:00:08 0 [ERROR] InnoDB: If you are installing InnoDB, remember that you must create directories yourself, InnoDB does not create them.
2026-05-05 14:00:08 0 [ERROR] InnoDB: Cannot open datafile for read-only: '.\phpmyadmin\pma__table_info.ibd' OS error: 203
2026-05-05 14:00:08 0 [ERROR] InnoDB: Operating system error number 203 in a file operation.
2026-05-05 14:00:08 0 [Note] InnoDB: Some operating system error numbers are described at https://mariadb.com/kb/en/library/operating-system-error-codes/
2026-05-05 14:00:08 0 [ERROR] InnoDB: Could not find a valid tablespace file for ``phpmyadmin`.`pma__table_info``. Please refer to https://mariadb.com/kb/en/innodb-data-dictionary-troubleshooting/ for how to resolve the issue.
2026-05-05 14:00:08 0 [Warning] InnoDB: Ignoring tablespace for `phpmyadmin`.`pma__table_info` because it could not be opened.
2026-05-05 14:00:08 0 [ERROR] InnoDB: Operating system error number 3 in a file operation.
2026-05-05 14:00:08 0 [ERROR] InnoDB: The error means the system cannot find the path specified.
2026-05-05 14:00:08 0 [ERROR] InnoDB: If you are installing InnoDB, remember that you must create directories yourself, InnoDB does not create them.
2026-05-05 14:00:08 0 [ERROR] InnoDB: Cannot open datafile for read-only: '.\phpmyadmin\pma__table_uiprefs.ibd' OS error: 203
2026-05-05 14:00:08 0 [ERROR] InnoDB: Operating system error number 203 in a file operation.
2026-05-05 14:00:08 0 [Note] InnoDB: Some operating system error numbers are described at https://mariadb.com/kb/en/library/operating-system-error-codes/
2026-05-05 14:00:08 0 [ERROR] InnoDB: Could not find a valid tablespace file for ``phpmyadmin`.`pma__table_uiprefs``. Please refer to https://mariadb.com/kb/en/innodb-data-dictionary-troubleshooting/ for how to resolve the issue.
2026-05-05 14:00:08 0 [Warning] InnoDB: Ignoring tablespace for `phpmyadmin`.`pma__table_uiprefs` because it could not be opened.
2026-05-05 14:00:08 0 [ERROR] InnoDB: Operating system error number 3 in a file operation.
2026-05-05 14:00:08 0 [ERROR] InnoDB: The error means the system cannot find the path specified.
2026-05-05 14:00:08 0 [ERROR] InnoDB: If you are installing InnoDB, remember that you must create directories yourself, InnoDB does not create them.
2026-05-05 14:00:08 0 [ERROR] InnoDB: Cannot open datafile for read-only: '.\phpmyadmin\pma__tracking.ibd' OS error: 203
2026-05-05 14:00:08 0 [ERROR] InnoDB: Operating system error number 203 in a file operation.
2026-05-05 14:00:08 0 [Note] InnoDB: Some operating system error numbers are described at https://mariadb.com/kb/en/library/operating-system-error-codes/
2026-05-05 14:00:08 0 [ERROR] InnoDB: Could not find a valid tablespace file for ``phpmyadmin`.`pma__tracking``. Please refer to https://mariadb.com/kb/en/innodb-data-dictionary-troubleshooting/ for how to resolve the issue.
2026-05-05 14:00:08 0 [Warning] InnoDB: Ignoring tablespace for `phpmyadmin`.`pma__tracking` because it could not be opened.
2026-05-05 14:00:08 0 [ERROR] InnoDB: Operating system error number 3 in a file operation.
2026-05-05 14:00:08 0 [ERROR] InnoDB: The error means the system cannot find the path specified.
2026-05-05 14:00:08 0 [ERROR] InnoDB: If you are installing InnoDB, remember that you must create directories yourself, InnoDB does not create them.
2026-05-05 14:00:08 0 [ERROR] InnoDB: Cannot open datafile for read-only: '.\phpmyadmin\pma__userconfig.ibd' OS error: 203
2026-05-05 14:00:08 0 [ERROR] InnoDB: Operating system error number 203 in a file operation.
2026-05-05 14:00:08 0 [Note] InnoDB: Some operating system error numbers are described at https://mariadb.com/kb/en/library/operating-system-error-codes/
2026-05-05 14:00:08 0 [ERROR] InnoDB: Could not find a valid tablespace file for ``phpmyadmin`.`pma__userconfig``. Please refer to https://mariadb.com/kb/en/innodb-data-dictionary-troubleshooting/ for how to resolve the issue.
2026-05-05 14:00:08 0 [Warning] InnoDB: Ignoring tablespace for `phpmyadmin`.`pma__userconfig` because it could not be opened.
2026-05-05 14:00:08 0 [ERROR] InnoDB: Operating system error number 3 in a file operation.
2026-05-05 14:00:08 0 [ERROR] InnoDB: The error means the system cannot find the path specified.
2026-05-05 14:00:08 0 [ERROR] InnoDB: If you are installing InnoDB, remember that you must create directories yourself, InnoDB does not create them.
2026-05-05 14:00:08 0 [ERROR] InnoDB: Cannot open datafile for read-only: '.\phpmyadmin\pma__usergroups.ibd' OS error: 203
2026-05-05 14:00:08 0 [ERROR] InnoDB: Operating system error number 203 in a file operation.
2026-05-05 14:00:08 0 [Note] InnoDB: Some operating system error numbers are described at https://mariadb.com/kb/en/library/operating-system-error-codes/
2026-05-05 14:00:08 0 [ERROR] InnoDB: Could not find a valid tablespace file for ``phpmyadmin`.`pma__usergroups``. Please refer to https://mariadb.com/kb/en/innodb-data-dictionary-troubleshooting/ for how to resolve the issue.
2026-05-05 14:00:08 0 [Warning] InnoDB: Ignoring tablespace for `phpmyadmin`.`pma__usergroups` because it could not be opened.
2026-05-05 14:00:08 0 [ERROR] InnoDB: Operating system error number 3 in a file operation.
2026-05-05 14:00:08 0 [ERROR] InnoDB: The error means the system cannot find the path specified.
2026-05-05 14:00:08 0 [ERROR] InnoDB: If you are installing InnoDB, remember that you must create directories yourself, InnoDB does not create them.
2026-05-05 14:00:08 0 [ERROR] InnoDB: Cannot open datafile for read-only: '.\phpmyadmin\pma__users.ibd' OS error: 203
2026-05-05 14:00:08 0 [ERROR] InnoDB: Operating system error number 203 in a file operation.
2026-05-05 14:00:08 0 [Note] InnoDB: Some operating system error numbers are described at https://mariadb.com/kb/en/library/operating-system-error-codes/
2026-05-05 14:00:08 0 [ERROR] InnoDB: Could not find a valid tablespace file for ``phpmyadmin`.`pma__users``. Please refer to https://mariadb.com/kb/en/innodb-data-dictionary-troubleshooting/ for how to resolve the issue.
2026-05-05 14:00:08 0 [Warning] InnoDB: Ignoring tablespace for `phpmyadmin`.`pma__users` because it could not be opened.
2026-05-05 14:00:08 0 [Note] InnoDB: 128 out of 128 rollback segments are active.
2026-05-05 14:00:08 0 [Note] InnoDB: Creating shared tablespace for temporary tables
2026-05-05 14:00:08 0 [Note] InnoDB: Setting file 'C:\moodle\server\mysql\data\ibtmp1' size to 12 MB. Physically writing the file full; Please wait ...
2026-05-05 14:00:08 0 [Note] InnoDB: File 'C:\moodle\server\mysql\data\ibtmp1' size is now 12 MB.
2026-05-05 14:00:08 0 [Note] InnoDB: Waiting for purge to start
2026-05-05 14:00:08 0 [Note] InnoDB: 10.4.28 started; log sequence number 15150925; transaction id 29470
2026-05-05 14:00:08 0 [Note] Plugin 'FEEDBACK' is disabled.
2026-05-05 14:00:08 0 [Note] InnoDB: Loading buffer pool(s) from C:\moodle\server\mysql\data\ib_buffer_pool
2026-05-05 14:00:08 0 [Note] Server socket created on IP: '::'.
2026-05-05 14:00:09 0 [Note] Reading of all Master_info entries succeeded
2026-05-05 14:00:09 0 [Note] Added new Master_info '' to hash table
2026-05-05 14:00:09 0 [Note] mysql\bin\mysqld.exe: ready for connections.
Version: '10.4.28-MariaDB'  socket: ''  port: 3306  mariadb.org binary distribution
2026-05-05 14:00:09 0 [Note] InnoDB: Buffer pool(s) load completed at 260505 14:00:09
2026-05-05 15:26:27 0 [Note] mysql\bin\mysqld.exe (initiated by: unknown): Normal shutdown
2026-05-05 15:26:27 0 [Note] Event Scheduler: Purging the queue. 0 events
2026-05-05 15:26:27 0 [Note] InnoDB: FTS optimize thread exiting.
2026-05-05 15:26:27 0 [Note] InnoDB: Starting shutdown...
2026-05-05 15:26:27 0 [Note] InnoDB: Dumping buffer pool(s) to C:\moodle\server\mysql\data\ib_buffer_pool
2026-05-05 15:26:27 0 [Note] InnoDB: Buffer pool(s) dump completed at 260505 15:26:27
2026-05-05 15:26:29 0 [Note] InnoDB: Removed temporary tablespace data file: "ibtmp1"
2026-05-05 15:26:29 0 [Note] InnoDB: Shutdown completed; log sequence number 16456412; transaction id 30813
2026-05-05 15:26:29 0 [Note] mysql\bin\mysqld.exe: Shutdown complete

2026-05-05 20:32:35 0 [Note] Starting MariaDB 10.4.28-MariaDB source revision c8f2e9a5c0ac5905f28b050b7df5a9ffd914b7e7 as process 20952
2026-05-05 20:32:35 0 [Note] InnoDB: Mutexes and rw_locks use Windows interlocked functions
2026-05-05 20:32:35 0 [Note] InnoDB: Uses event mutexes
2026-05-05 20:32:35 0 [Note] InnoDB: Compressed tables use zlib 1.2.12
2026-05-05 20:32:35 0 [Note] InnoDB: Number of pools: 1
2026-05-05 20:32:35 0 [Note] InnoDB: Using SSE2 crc32 instructions
2026-05-05 20:32:35 0 [Note] InnoDB: Initializing buffer pool, total size = 256M, instances = 1, chunk size = 128M
2026-05-05 20:32:35 0 [Note] InnoDB: Completed initialization of buffer pool
2026-05-05 20:32:39 0 [ERROR] InnoDB: Operating system error number 3 in a file operation.
2026-05-05 20:32:39 0 [ERROR] InnoDB: The error means the system cannot find the path specified.
2026-05-05 20:32:39 0 [ERROR] InnoDB: If you are installing InnoDB, remember that you must create directories yourself, InnoDB does not create them.
2026-05-05 20:32:39 0 [ERROR] InnoDB: Cannot open datafile for read-only: '.\phpmyadmin\pma__bookmark.ibd' OS error: 203
2026-05-05 20:32:39 0 [ERROR] InnoDB: Operating system error number 203 in a file operation.
2026-05-05 20:32:39 0 [Note] InnoDB: Some operating system error numbers are described at https://mariadb.com/kb/en/library/operating-system-error-codes/
2026-05-05 20:32:39 0 [ERROR] InnoDB: Could not find a valid tablespace file for ``phpmyadmin`.`pma__bookmark``. Please refer to https://mariadb.com/kb/en/innodb-data-dictionary-troubleshooting/ for how to resolve the issue.
2026-05-05 20:32:39 0 [Warning] InnoDB: Ignoring tablespace for `phpmyadmin`.`pma__bookmark` because it could not be opened.
2026-05-05 20:32:39 0 [ERROR] InnoDB: Operating system error number 3 in a file operation.
2026-05-05 20:32:39 0 [ERROR] InnoDB: The error means the system cannot find the path specified.
2026-05-05 20:32:39 0 [ERROR] InnoDB: If you are installing InnoDB, remember that you must create directories yourself, InnoDB does not create them.
2026-05-05 20:32:39 0 [ERROR] InnoDB: Cannot open datafile for read-only: '.\phpmyadmin\pma__central_columns.ibd' OS error: 203
2026-05-05 20:32:39 0 [ERROR] InnoDB: Operating system error number 203 in a file operation.
2026-05-05 20:32:39 0 [Note] InnoDB: Some operating system error numbers are described at https://mariadb.com/kb/en/library/operating-system-error-codes/
2026-05-05 20:32:39 0 [ERROR] InnoDB: Could not find a valid tablespace file for ``phpmyadmin`.`pma__central_columns``. Please refer to https://mariadb.com/kb/en/innodb-data-dictionary-troubleshooting/ for how to resolve the issue.
2026-05-05 20:32:39 0 [Warning] InnoDB: Ignoring tablespace for `phpmyadmin`.`pma__central_columns` because it could not be opened.
2026-05-05 20:32:39 0 [ERROR] InnoDB: Operating system error number 3 in a file operation.
2026-05-05 20:32:39 0 [ERROR] InnoDB: The error means the system cannot find the path specified.
2026-05-05 20:32:39 0 [ERROR] InnoDB: If you are installing InnoDB, remember that you must create directories yourself, InnoDB does not create them.
2026-05-05 20:32:39 0 [ERROR] InnoDB: Cannot open datafile for read-only: '.\phpmyadmin\pma__column_info.ibd' OS error: 203
2026-05-05 20:32:39 0 [ERROR] InnoDB: Operating system error number 203 in a file operation.
2026-05-05 20:32:39 0 [Note] InnoDB: Some operating system error numbers are described at https://mariadb.com/kb/en/library/operating-system-error-codes/
2026-05-05 20:32:39 0 [ERROR] InnoDB: Could not find a valid tablespace file for ``phpmyadmin`.`pma__column_info``. Please refer to https://mariadb.com/kb/en/innodb-data-dictionary-troubleshooting/ for how to resolve the issue.
2026-05-05 20:32:39 0 [Warning] InnoDB: Ignoring tablespace for `phpmyadmin`.`pma__column_info` because it could not be opened.
2026-05-05 20:32:39 0 [ERROR] InnoDB: Operating system error number 3 in a file operation.
2026-05-05 20:32:39 0 [ERROR] InnoDB: The error means the system cannot find the path specified.
2026-05-05 20:32:39 0 [ERROR] InnoDB: If you are installing InnoDB, remember that you must create directories yourself, InnoDB does not create them.
2026-05-05 20:32:39 0 [ERROR] InnoDB: Cannot open datafile for read-only: '.\phpmyadmin\pma__designer_settings.ibd' OS error: 203
2026-05-05 20:32:39 0 [ERROR] InnoDB: Operating system error number 203 in a file operation.
2026-05-05 20:32:39 0 [Note] InnoDB: Some operating system error numbers are described at https://mariadb.com/kb/en/library/operating-system-error-codes/
2026-05-05 20:32:39 0 [ERROR] InnoDB: Could not find a valid tablespace file for ``phpmyadmin`.`pma__designer_settings``. Please refer to https://mariadb.com/kb/en/innodb-data-dictionary-troubleshooting/ for how to resolve the issue.
2026-05-05 20:32:39 0 [Warning] InnoDB: Ignoring tablespace for `phpmyadmin`.`pma__designer_settings` because it could not be opened.
2026-05-05 20:32:39 0 [ERROR] InnoDB: Operating system error number 3 in a file operation.
2026-05-05 20:32:39 0 [ERROR] InnoDB: The error means the system cannot find the path specified.
2026-05-05 20:32:39 0 [ERROR] InnoDB: If you are installing InnoDB, remember that you must create directories yourself, InnoDB does not create them.
2026-05-05 20:32:39 0 [ERROR] InnoDB: Cannot open datafile for read-only: '.\phpmyadmin\pma__export_templates.ibd' OS error: 203
2026-05-05 20:32:39 0 [ERROR] InnoDB: Operating system error number 203 in a file operation.
2026-05-05 20:32:39 0 [Note] InnoDB: Some operating system error numbers are described at https://mariadb.com/kb/en/library/operating-system-error-codes/
2026-05-05 20:32:39 0 [ERROR] InnoDB: Could not find a valid tablespace file for ``phpmyadmin`.`pma__export_templates``. Please refer to https://mariadb.com/kb/en/innodb-data-dictionary-troubleshooting/ for how to resolve the issue.
2026-05-05 20:32:39 0 [Warning] InnoDB: Ignoring tablespace for `phpmyadmin`.`pma__export_templates` because it could not be opened.
2026-05-05 20:32:39 0 [ERROR] InnoDB: Operating system error number 3 in a file operation.
2026-05-05 20:32:39 0 [ERROR] InnoDB: The error means the system cannot find the path specified.
2026-05-05 20:32:39 0 [ERROR] InnoDB: If you are installing InnoDB, remember that you must create directories yourself, InnoDB does not create them.
2026-05-05 20:32:39 0 [ERROR] InnoDB: Cannot open datafile for read-only: '.\phpmyadmin\pma__favorite.ibd' OS error: 203
2026-05-05 20:32:39 0 [ERROR] InnoDB: Operating system error number 203 in a file operation.
2026-05-05 20:32:39 0 [Note] InnoDB: Some operating system error numbers are described at https://mariadb.com/kb/en/library/operating-system-error-codes/
2026-05-05 20:32:39 0 [ERROR] InnoDB: Could not find a valid tablespace file for ``phpmyadmin`.`pma__favorite``. Please refer to https://mariadb.com/kb/en/innodb-data-dictionary-troubleshooting/ for how to resolve the issue.
2026-05-05 20:32:39 0 [Warning] InnoDB: Ignoring tablespace for `phpmyadmin`.`pma__favorite` because it could not be opened.
2026-05-05 20:32:39 0 [ERROR] InnoDB: Operating system error number 3 in a file operation.
2026-05-05 20:32:39 0 [ERROR] InnoDB: The error means the system cannot find the path specified.
2026-05-05 20:32:39 0 [ERROR] InnoDB: If you are installing InnoDB, remember that you must create directories yourself, InnoDB does not create them.
2026-05-05 20:32:39 0 [ERROR] InnoDB: Cannot open datafile for read-only: '.\phpmyadmin\pma__history.ibd' OS error: 203
2026-05-05 20:32:39 0 [ERROR] InnoDB: Operating system error number 203 in a file operation.
2026-05-05 20:32:39 0 [Note] InnoDB: Some operating system error numbers are described at https://mariadb.com/kb/en/library/operating-system-error-codes/
2026-05-05 20:32:39 0 [ERROR] InnoDB: Could not find a valid tablespace file for ``phpmyadmin`.`pma__history``. Please refer to https://mariadb.com/kb/en/innodb-data-dictionary-troubleshooting/ for how to resolve the issue.
2026-05-05 20:32:39 0 [Warning] InnoDB: Ignoring tablespace for `phpmyadmin`.`pma__history` because it could not be opened.
2026-05-05 20:32:39 0 [ERROR] InnoDB: Operating system error number 3 in a file operation.
2026-05-05 20:32:39 0 [ERROR] InnoDB: The error means the system cannot find the path specified.
2026-05-05 20:32:39 0 [ERROR] InnoDB: If you are installing InnoDB, remember that you must create directories yourself, InnoDB does not create them.
2026-05-05 20:32:39 0 [ERROR] InnoDB: Cannot open datafile for read-only: '.\phpmyadmin\pma__navigationhiding.ibd' OS error: 203
2026-05-05 20:32:39 0 [ERROR] InnoDB: Operating system error number 203 in a file operation.
2026-05-05 20:32:39 0 [Note] InnoDB: Some operating system error numbers are described at https://mariadb.com/kb/en/library/operating-system-error-codes/
2026-05-05 20:32:39 0 [ERROR] InnoDB: Could not find a valid tablespace file for ``phpmyadmin`.`pma__navigationhiding``. Please refer to https://mariadb.com/kb/en/innodb-data-dictionary-troubleshooting/ for how to resolve the issue.
2026-05-05 20:32:39 0 [Warning] InnoDB: Ignoring tablespace for `phpmyadmin`.`pma__navigationhiding` because it could not be opened.
2026-05-05 20:32:39 0 [ERROR] InnoDB: Operating system error number 3 in a file operation.
2026-05-05 20:32:39 0 [ERROR] InnoDB: The error means the system cannot find the path specified.
2026-05-05 20:32:39 0 [ERROR] InnoDB: If you are installing InnoDB, remember that you must create directories yourself, InnoDB does not create them.
2026-05-05 20:32:39 0 [ERROR] InnoDB: Cannot open datafile for read-only: '.\phpmyadmin\pma__pdf_pages.ibd' OS error: 203
2026-05-05 20:32:39 0 [ERROR] InnoDB: Operating system error number 203 in a file operation.
2026-05-05 20:32:39 0 [Note] InnoDB: Some operating system error numbers are described at https://mariadb.com/kb/en/library/operating-system-error-codes/
2026-05-05 20:32:39 0 [ERROR] InnoDB: Could not find a valid tablespace file for ``phpmyadmin`.`pma__pdf_pages``. Please refer to https://mariadb.com/kb/en/innodb-data-dictionary-troubleshooting/ for how to resolve the issue.
2026-05-05 20:32:39 0 [Warning] InnoDB: Ignoring tablespace for `phpmyadmin`.`pma__pdf_pages` because it could not be opened.
2026-05-05 20:32:39 0 [ERROR] InnoDB: Operating system error number 3 in a file operation.
2026-05-05 20:32:39 0 [ERROR] InnoDB: The error means the system cannot find the path specified.
2026-05-05 20:32:39 0 [ERROR] InnoDB: If you are installing InnoDB, remember that you must create directories yourself, InnoDB does not create them.
2026-05-05 20:32:39 0 [ERROR] InnoDB: Cannot open datafile for read-only: '.\phpmyadmin\pma__recent.ibd' OS error: 203
2026-05-05 20:32:39 0 [ERROR] InnoDB: Operating system error number 203 in a file operation.
2026-05-05 20:32:39 0 [Note] InnoDB: Some operating system error numbers are described at https://mariadb.com/kb/en/library/operating-system-error-codes/
2026-05-05 20:32:39 0 [ERROR] InnoDB: Could not find a valid tablespace file for ``phpmyadmin`.`pma__recent``. Please refer to https://mariadb.com/kb/en/innodb-data-dictionary-troubleshooting/ for how to resolve the issue.
2026-05-05 20:32:39 0 [Warning] InnoDB: Ignoring tablespace for `phpmyadmin`.`pma__recent` because it could not be opened.
2026-05-05 20:32:39 0 [ERROR] InnoDB: Operating system error number 3 in a file operation.
2026-05-05 20:32:39 0 [ERROR] InnoDB: The error means the system cannot find the path specified.
2026-05-05 20:32:39 0 [ERROR] InnoDB: If you are installing InnoDB, remember that you must create directories yourself, InnoDB does not create them.
2026-05-05 20:32:39 0 [ERROR] InnoDB: Cannot open datafile for read-only: '.\phpmyadmin\pma__relation.ibd' OS error: 203
2026-05-05 20:32:39 0 [ERROR] InnoDB: Operating system error number 203 in a file operation.
2026-05-05 20:32:39 0 [Note] InnoDB: Some operating system error numbers are described at https://mariadb.com/kb/en/library/operating-system-error-codes/
2026-05-05 20:32:39 0 [ERROR] InnoDB: Could not find a valid tablespace file for ``phpmyadmin`.`pma__relation``. Please refer to https://mariadb.com/kb/en/innodb-data-dictionary-troubleshooting/ for how to resolve the issue.
2026-05-05 20:32:39 0 [Warning] InnoDB: Ignoring tablespace for `phpmyadmin`.`pma__relation` because it could not be opened.
2026-05-05 20:32:39 0 [ERROR] InnoDB: Operating system error number 3 in a file operation.
2026-05-05 20:32:39 0 [ERROR] InnoDB: The error means the system cannot find the path specified.
2026-05-05 20:32:39 0 [ERROR] InnoDB: If you are installing InnoDB, remember that you must create directories yourself, InnoDB does not create them.
2026-05-05 20:32:39 0 [ERROR] InnoDB: Cannot open datafile for read-only: '.\phpmyadmin\pma__savedsearches.ibd' OS error: 203
2026-05-05 20:32:39 0 [ERROR] InnoDB: Operating system error number 203 in a file operation.
2026-05-05 20:32:39 0 [Note] InnoDB: Some operating system error numbers are described at https://mariadb.com/kb/en/library/operating-system-error-codes/
2026-05-05 20:32:39 0 [ERROR] InnoDB: Could not find a valid tablespace file for ``phpmyadmin`.`pma__savedsearches``. Please refer to https://mariadb.com/kb/en/innodb-data-dictionary-troubleshooting/ for how to resolve the issue.
2026-05-05 20:32:39 0 [Warning] InnoDB: Ignoring tablespace for `phpmyadmin`.`pma__savedsearches` because it could not be opened.
2026-05-05 20:32:39 0 [ERROR] InnoDB: Operating system error number 3 in a file operation.
2026-05-05 20:32:39 0 [ERROR] InnoDB: The error means the system cannot find the path specified.
2026-05-05 20:32:39 0 [ERROR] InnoDB: If you are installing InnoDB, remember that you must create directories yourself, InnoDB does not create them.
2026-05-05 20:32:40 0 [ERROR] InnoDB: Cannot open datafile for read-only: '.\phpmyadmin\pma__table_coords.ibd' OS error: 203
2026-05-05 20:32:40 0 [ERROR] InnoDB: Operating system error number 203 in a file operation.
2026-05-05 20:32:40 0 [Note] InnoDB: Some operating system error numbers are described at https://mariadb.com/kb/en/library/operating-system-error-codes/
2026-05-05 20:32:40 0 [ERROR] InnoDB: Could not find a valid tablespace file for ``phpmyadmin`.`pma__table_coords``. Please refer to https://mariadb.com/kb/en/innodb-data-dictionary-troubleshooting/ for how to resolve the issue.
2026-05-05 20:32:40 0 [Warning] InnoDB: Ignoring tablespace for `phpmyadmin`.`pma__table_coords` because it could not be opened.
2026-05-05 20:32:40 0 [ERROR] InnoDB: Operating system error number 3 in a file operation.
2026-05-05 20:32:40 0 [ERROR] InnoDB: The error means the system cannot find the path specified.
2026-05-05 20:32:40 0 [ERROR] InnoDB: If you are installing InnoDB, remember that you must create directories yourself, InnoDB does not create them.
2026-05-05 20:32:40 0 [ERROR] InnoDB: Cannot open datafile for read-only: '.\phpmyadmin\pma__table_info.ibd' OS error: 203
2026-05-05 20:32:40 0 [ERROR] InnoDB: Operating system error number 203 in a file operation.
2026-05-05 20:32:40 0 [Note] InnoDB: Some operating system error numbers are described at https://mariadb.com/kb/en/library/operating-system-error-codes/
2026-05-05 20:32:40 0 [ERROR] InnoDB: Could not find a valid tablespace file for ``phpmyadmin`.`pma__table_info``. Please refer to https://mariadb.com/kb/en/innodb-data-dictionary-troubleshooting/ for how to resolve the issue.
2026-05-05 20:32:40 0 [Warning] InnoDB: Ignoring tablespace for `phpmyadmin`.`pma__table_info` because it could not be opened.
2026-05-05 20:32:40 0 [ERROR] InnoDB: Operating system error number 3 in a file operation.
2026-05-05 20:32:40 0 [ERROR] InnoDB: The error means the system cannot find the path specified.
2026-05-05 20:32:40 0 [ERROR] InnoDB: If you are installing InnoDB, remember that you must create directories yourself, InnoDB does not create them.
2026-05-05 20:32:40 0 [ERROR] InnoDB: Cannot open datafile for read-only: '.\phpmyadmin\pma__table_uiprefs.ibd' OS error: 203
2026-05-05 20:32:40 0 [ERROR] InnoDB: Operating system error number 203 in a file operation.
2026-05-05 20:32:40 0 [Note] InnoDB: Some operating system error numbers are described at https://mariadb.com/kb/en/library/operating-system-error-codes/
2026-05-05 20:32:40 0 [ERROR] InnoDB: Could not find a valid tablespace file for ``phpmyadmin`.`pma__table_uiprefs``. Please refer to https://mariadb.com/kb/en/innodb-data-dictionary-troubleshooting/ for how to resolve the issue.
2026-05-05 20:32:40 0 [Warning] InnoDB: Ignoring tablespace for `phpmyadmin`.`pma__table_uiprefs` because it could not be opened.
2026-05-05 20:32:40 0 [ERROR] InnoDB: Operating system error number 3 in a file operation.
2026-05-05 20:32:40 0 [ERROR] InnoDB: The error means the system cannot find the path specified.
2026-05-05 20:32:40 0 [ERROR] InnoDB: If you are installing InnoDB, remember that you must create directories yourself, InnoDB does not create them.
2026-05-05 20:32:40 0 [ERROR] InnoDB: Cannot open datafile for read-only: '.\phpmyadmin\pma__tracking.ibd' OS error: 203
2026-05-05 20:32:40 0 [ERROR] InnoDB: Operating system error number 203 in a file operation.
2026-05-05 20:32:40 0 [Note] InnoDB: Some operating system error numbers are described at https://mariadb.com/kb/en/library/operating-system-error-codes/
2026-05-05 20:32:40 0 [ERROR] InnoDB: Could not find a valid tablespace file for ``phpmyadmin`.`pma__tracking``. Please refer to https://mariadb.com/kb/en/innodb-data-dictionary-troubleshooting/ for how to resolve the issue.
2026-05-05 20:32:40 0 [Warning] InnoDB: Ignoring tablespace for `phpmyadmin`.`pma__tracking` because it could not be opened.
2026-05-05 20:32:40 0 [ERROR] InnoDB: Operating system error number 3 in a file operation.
2026-05-05 20:32:40 0 [ERROR] InnoDB: The error means the system cannot find the path specified.
2026-05-05 20:32:40 0 [ERROR] InnoDB: If you are installing InnoDB, remember that you must create directories yourself, InnoDB does not create them.
2026-05-05 20:32:40 0 [ERROR] InnoDB: Cannot open datafile for read-only: '.\phpmyadmin\pma__userconfig.ibd' OS error: 203
2026-05-05 20:32:40 0 [ERROR] InnoDB: Operating system error number 203 in a file operation.
2026-05-05 20:32:40 0 [Note] InnoDB: Some operating system error numbers are described at https://mariadb.com/kb/en/library/operating-system-error-codes/
2026-05-05 20:32:40 0 [ERROR] InnoDB: Could not find a valid tablespace file for ``phpmyadmin`.`pma__userconfig``. Please refer to https://mariadb.com/kb/en/innodb-data-dictionary-troubleshooting/ for how to resolve the issue.
2026-05-05 20:32:40 0 [Warning] InnoDB: Ignoring tablespace for `phpmyadmin`.`pma__userconfig` because it could not be opened.
2026-05-05 20:32:40 0 [ERROR] InnoDB: Operating system error number 3 in a file operation.
2026-05-05 20:32:40 0 [ERROR] InnoDB: The error means the system cannot find the path specified.
2026-05-05 20:32:40 0 [ERROR] InnoDB: If you are installing InnoDB, remember that you must create directories yourself, InnoDB does not create them.
2026-05-05 20:32:40 0 [ERROR] InnoDB: Cannot open datafile for read-only: '.\phpmyadmin\pma__usergroups.ibd' OS error: 203
2026-05-05 20:32:40 0 [ERROR] InnoDB: Operating system error number 203 in a file operation.
2026-05-05 20:32:40 0 [Note] InnoDB: Some operating system error numbers are described at https://mariadb.com/kb/en/library/operating-system-error-codes/
2026-05-05 20:32:40 0 [ERROR] InnoDB: Could not find a valid tablespace file for ``phpmyadmin`.`pma__usergroups``. Please refer to https://mariadb.com/kb/en/innodb-data-dictionary-troubleshooting/ for how to resolve the issue.
2026-05-05 20:32:40 0 [Warning] InnoDB: Ignoring tablespace for `phpmyadmin`.`pma__usergroups` because it could not be opened.
2026-05-05 20:32:40 0 [ERROR] InnoDB: Operating system error number 3 in a file operation.
2026-05-05 20:32:40 0 [ERROR] InnoDB: The error means the system cannot find the path specified.
2026-05-05 20:32:40 0 [ERROR] InnoDB: If you are installing InnoDB, remember that you must create directories yourself, InnoDB does not create them.
2026-05-05 20:32:40 0 [ERROR] InnoDB: Cannot open datafile for read-only: '.\phpmyadmin\pma__users.ibd' OS error: 203
2026-05-05 20:32:40 0 [ERROR] InnoDB: Operating system error number 203 in a file operation.
2026-05-05 20:32:40 0 [Note] InnoDB: Some operating system error numbers are described at https://mariadb.com/kb/en/library/operating-system-error-codes/
2026-05-05 20:32:40 0 [ERROR] InnoDB: Could not find a valid tablespace file for ``phpmyadmin`.`pma__users``. Please refer to https://mariadb.com/kb/en/innodb-data-dictionary-troubleshooting/ for how to resolve the issue.
2026-05-05 20:32:40 0 [Warning] InnoDB: Ignoring tablespace for `phpmyadmin`.`pma__users` because it could not be opened.
2026-05-05 20:32:40 0 [Note] InnoDB: 128 out of 128 rollback segments are active.
2026-05-05 20:32:40 0 [Note] InnoDB: Creating shared tablespace for temporary tables
2026-05-05 20:32:40 0 [Note] InnoDB: Setting file 'C:\moodle\server\mysql\data\ibtmp1' size to 12 MB. Physically writing the file full; Please wait ...
2026-05-05 20:32:40 0 [Note] InnoDB: File 'C:\moodle\server\mysql\data\ibtmp1' size is now 12 MB.
2026-05-05 20:32:40 0 [Note] InnoDB: Waiting for purge to start
2026-05-05 20:32:40 0 [Note] InnoDB: 10.4.28 started; log sequence number 16456412; transaction id 30814
2026-05-05 20:32:40 0 [Note] Plugin 'FEEDBACK' is disabled.
2026-05-05 20:32:40 0 [Note] InnoDB: Loading buffer pool(s) from C:\moodle\server\mysql\data\ib_buffer_pool
2026-05-05 20:32:40 0 [Note] Server socket created on IP: '::'.
2026-05-05 20:32:40 0 [Note] Reading of all Master_info entries succeeded
2026-05-05 20:32:40 0 [Note] Added new Master_info '' to hash table
2026-05-05 20:32:40 0 [Note] mysql\bin\mysqld.exe: ready for connections.
Version: '10.4.28-MariaDB'  socket: ''  port: 3306  mariadb.org binary distribution
2026-05-05 20:32:41 0 [Note] InnoDB: Buffer pool(s) load completed at 260505 20:32:41
2026-05-05 21:31:25 0 [Note] mysql\bin\mysqld.exe (initiated by: unknown): Normal shutdown
2026-05-05 21:31:25 0 [Note] Event Scheduler: Purging the queue. 0 events
2026-05-05 21:31:25 0 [Note] InnoDB: FTS optimize thread exiting.
2026-05-05 21:31:25 0 [Note] InnoDB: Starting shutdown...
2026-05-05 21:31:25 0 [Note] InnoDB: Dumping buffer pool(s) to C:\moodle\server\mysql\data\ib_buffer_pool
2026-05-05 21:31:25 0 [Note] InnoDB: Buffer pool(s) dump completed at 260505 21:31:25
2026-05-05 21:31:26 0 [Note] InnoDB: Removed temporary tablespace data file: "ibtmp1"
2026-05-05 21:31:26 0 [Note] InnoDB: Shutdown completed; log sequence number 16725347; transaction id 31612
2026-05-05 21:31:26 0 [Note] mysql\bin\mysqld.exe: Shutdown complete

2026-05-06 13:25:08 0 [Note] Starting MariaDB 10.4.28-MariaDB source revision c8f2e9a5c0ac5905f28b050b7df5a9ffd914b7e7 as process 15040
2026-05-06 13:25:08 0 [Note] InnoDB: Mutexes and rw_locks use Windows interlocked functions
2026-05-06 13:25:08 0 [Note] InnoDB: Uses event mutexes
2026-05-06 13:25:08 0 [Note] InnoDB: Compressed tables use zlib 1.2.12
2026-05-06 13:25:08 0 [Note] InnoDB: Number of pools: 1
2026-05-06 13:25:08 0 [Note] InnoDB: Using SSE2 crc32 instructions
2026-05-06 13:25:08 0 [Note] InnoDB: Initializing buffer pool, total size = 256M, instances = 1, chunk size = 128M
2026-05-06 13:25:08 0 [Note] InnoDB: Completed initialization of buffer pool
2026-05-06 13:25:13 0 [ERROR] InnoDB: Operating system error number 3 in a file operation.
2026-05-06 13:25:13 0 [ERROR] InnoDB: The error means the system cannot find the path specified.
2026-05-06 13:25:13 0 [ERROR] InnoDB: If you are installing InnoDB, remember that you must create directories yourself, InnoDB does not create them.
2026-05-06 13:25:13 0 [ERROR] InnoDB: Cannot open datafile for read-only: '.\phpmyadmin\pma__bookmark.ibd' OS error: 203
2026-05-06 13:25:13 0 [ERROR] InnoDB: Operating system error number 203 in a file operation.
2026-05-06 13:25:13 0 [Note] InnoDB: Some operating system error numbers are described at https://mariadb.com/kb/en/library/operating-system-error-codes/
2026-05-06 13:25:13 0 [ERROR] InnoDB: Could not find a valid tablespace file for ``phpmyadmin`.`pma__bookmark``. Please refer to https://mariadb.com/kb/en/innodb-data-dictionary-troubleshooting/ for how to resolve the issue.
2026-05-06 13:25:13 0 [Warning] InnoDB: Ignoring tablespace for `phpmyadmin`.`pma__bookmark` because it could not be opened.
2026-05-06 13:25:13 0 [ERROR] InnoDB: Operating system error number 3 in a file operation.
2026-05-06 13:25:13 0 [ERROR] InnoDB: The error means the system cannot find the path specified.
2026-05-06 13:25:13 0 [ERROR] InnoDB: If you are installing InnoDB, remember that you must create directories yourself, InnoDB does not create them.
2026-05-06 13:25:13 0 [ERROR] InnoDB: Cannot open datafile for read-only: '.\phpmyadmin\pma__central_columns.ibd' OS error: 203
2026-05-06 13:25:13 0 [ERROR] InnoDB: Operating system error number 203 in a file operation.
2026-05-06 13:25:13 0 [Note] InnoDB: Some operating system error numbers are described at https://mariadb.com/kb/en/library/operating-system-error-codes/
2026-05-06 13:25:13 0 [ERROR] InnoDB: Could not find a valid tablespace file for ``phpmyadmin`.`pma__central_columns``. Please refer to https://mariadb.com/kb/en/innodb-data-dictionary-troubleshooting/ for how to resolve the issue.
2026-05-06 13:25:13 0 [Warning] InnoDB: Ignoring tablespace for `phpmyadmin`.`pma__central_columns` because it could not be opened.
2026-05-06 13:25:13 0 [ERROR] InnoDB: Operating system error number 3 in a file operation.
2026-05-06 13:25:13 0 [ERROR] InnoDB: The error means the system cannot find the path specified.
2026-05-06 13:25:13 0 [ERROR] InnoDB: If you are installing InnoDB, remember that you must create directories yourself, InnoDB does not create them.
2026-05-06 13:25:13 0 [ERROR] InnoDB: Cannot open datafile for read-only: '.\phpmyadmin\pma__column_info.ibd' OS error: 203
2026-05-06 13:25:13 0 [ERROR] InnoDB: Operating system error number 203 in a file operation.
2026-05-06 13:25:13 0 [Note] InnoDB: Some operating system error numbers are described at https://mariadb.com/kb/en/library/operating-system-error-codes/
2026-05-06 13:25:13 0 [ERROR] InnoDB: Could not find a valid tablespace file for ``phpmyadmin`.`pma__column_info``. Please refer to https://mariadb.com/kb/en/innodb-data-dictionary-troubleshooting/ for how to resolve the issue.
2026-05-06 13:25:13 0 [Warning] InnoDB: Ignoring tablespace for `phpmyadmin`.`pma__column_info` because it could not be opened.
2026-05-06 13:25:13 0 [ERROR] InnoDB: Operating system error number 3 in a file operation.
2026-05-06 13:25:13 0 [ERROR] InnoDB: The error means the system cannot find the path specified.
2026-05-06 13:25:13 0 [ERROR] InnoDB: If you are installing InnoDB, remember that you must create directories yourself, InnoDB does not create them.
2026-05-06 13:25:13 0 [ERROR] InnoDB: Cannot open datafile for read-only: '.\phpmyadmin\pma__designer_settings.ibd' OS error: 203
2026-05-06 13:25:13 0 [ERROR] InnoDB: Operating system error number 203 in a file operation.
2026-05-06 13:25:13 0 [Note] InnoDB: Some operating system error numbers are described at https://mariadb.com/kb/en/library/operating-system-error-codes/
2026-05-06 13:25:13 0 [ERROR] InnoDB: Could not find a valid tablespace file for ``phpmyadmin`.`pma__designer_settings``. Please refer to https://mariadb.com/kb/en/innodb-data-dictionary-troubleshooting/ for how to resolve the issue.
2026-05-06 13:25:13 0 [Warning] InnoDB: Ignoring tablespace for `phpmyadmin`.`pma__designer_settings` because it could not be opened.
2026-05-06 13:25:13 0 [ERROR] InnoDB: Operating system error number 3 in a file operation.
2026-05-06 13:25:13 0 [ERROR] InnoDB: The error means the system cannot find the path specified.
2026-05-06 13:25:13 0 [ERROR] InnoDB: If you are installing InnoDB, remember that you must create directories yourself, InnoDB does not create them.
2026-05-06 13:25:13 0 [ERROR] InnoDB: Cannot open datafile for read-only: '.\phpmyadmin\pma__export_templates.ibd' OS error: 203
2026-05-06 13:25:13 0 [ERROR] InnoDB: Operating system error number 203 in a file operation.
2026-05-06 13:25:13 0 [Note] InnoDB: Some operating system error numbers are described at https://mariadb.com/kb/en/library/operating-system-error-codes/
2026-05-06 13:25:13 0 [ERROR] InnoDB: Could not find a valid tablespace file for ``phpmyadmin`.`pma__export_templates``. Please refer to https://mariadb.com/kb/en/innodb-data-dictionary-troubleshooting/ for how to resolve the issue.
2026-05-06 13:25:13 0 [Warning] InnoDB: Ignoring tablespace for `phpmyadmin`.`pma__export_templates` because it could not be opened.
2026-05-06 13:25:13 0 [ERROR] InnoDB: Operating system error number 3 in a file operation.
2026-05-06 13:25:13 0 [ERROR] InnoDB: The error means the system cannot find the path specified.
2026-05-06 13:25:13 0 [ERROR] InnoDB: If you are installing InnoDB, remember that you must create directories yourself, InnoDB does not create them.
2026-05-06 13:25:13 0 [ERROR] InnoDB: Cannot open datafile for read-only: '.\phpmyadmin\pma__favorite.ibd' OS error: 203
2026-05-06 13:25:13 0 [ERROR] InnoDB: Operating system error number 203 in a file operation.
2026-05-06 13:25:13 0 [Note] InnoDB: Some operating system error numbers are described at https://mariadb.com/kb/en/library/operating-system-error-codes/
2026-05-06 13:25:13 0 [ERROR] InnoDB: Could not find a valid tablespace file for ``phpmyadmin`.`pma__favorite``. Please refer to https://mariadb.com/kb/en/innodb-data-dictionary-troubleshooting/ for how to resolve the issue.
2026-05-06 13:25:13 0 [Warning] InnoDB: Ignoring tablespace for `phpmyadmin`.`pma__favorite` because it could not be opened.
2026-05-06 13:25:13 0 [ERROR] InnoDB: Operating system error number 3 in a file operation.
2026-05-06 13:25:13 0 [ERROR] InnoDB: The error means the system cannot find the path specified.
2026-05-06 13:25:13 0 [ERROR] InnoDB: If you are installing InnoDB, remember that you must create directories yourself, InnoDB does not create them.
2026-05-06 13:25:13 0 [ERROR] InnoDB: Cannot open datafile for read-only: '.\phpmyadmin\pma__history.ibd' OS error: 203
2026-05-06 13:25:13 0 [ERROR] InnoDB: Operating system error number 203 in a file operation.
2026-05-06 13:25:13 0 [Note] InnoDB: Some operating system error numbers are described at https://mariadb.com/kb/en/library/operating-system-error-codes/
2026-05-06 13:25:13 0 [ERROR] InnoDB: Could not find a valid tablespace file for ``phpmyadmin`.`pma__history``. Please refer to https://mariadb.com/kb/en/innodb-data-dictionary-troubleshooting/ for how to resolve the issue.
2026-05-06 13:25:13 0 [Warning] InnoDB: Ignoring tablespace for `phpmyadmin`.`pma__history` because it could not be opened.
2026-05-06 13:25:13 0 [ERROR] InnoDB: Operating system error number 3 in a file operation.
2026-05-06 13:25:13 0 [ERROR] InnoDB: The error means the system cannot find the path specified.
2026-05-06 13:25:13 0 [ERROR] InnoDB: If you are installing InnoDB, remember that you must create directories yourself, InnoDB does not create them.
2026-05-06 13:25:13 0 [ERROR] InnoDB: Cannot open datafile for read-only: '.\phpmyadmin\pma__navigationhiding.ibd' OS error: 203
2026-05-06 13:25:13 0 [ERROR] InnoDB: Operating system error number 203 in a file operation.
2026-05-06 13:25:13 0 [Note] InnoDB: Some operating system error numbers are described at https://mariadb.com/kb/en/library/operating-system-error-codes/
2026-05-06 13:25:13 0 [ERROR] InnoDB: Could not find a valid tablespace file for ``phpmyadmin`.`pma__navigationhiding``. Please refer to https://mariadb.com/kb/en/innodb-data-dictionary-troubleshooting/ for how to resolve the issue.
2026-05-06 13:25:13 0 [Warning] InnoDB: Ignoring tablespace for `phpmyadmin`.`pma__navigationhiding` because it could not be opened.
2026-05-06 13:25:13 0 [ERROR] InnoDB: Operating system error number 3 in a file operation.
2026-05-06 13:25:13 0 [ERROR] InnoDB: The error means the system cannot find the path specified.
2026-05-06 13:25:13 0 [ERROR] InnoDB: If you are installing InnoDB, remember that you must create directories yourself, InnoDB does not create them.
2026-05-06 13:25:13 0 [ERROR] InnoDB: Cannot open datafile for read-only: '.\phpmyadmin\pma__pdf_pages.ibd' OS error: 203
2026-05-06 13:25:13 0 [ERROR] InnoDB: Operating system error number 203 in a file operation.
2026-05-06 13:25:13 0 [Note] InnoDB: Some operating system error numbers are described at https://mariadb.com/kb/en/library/operating-system-error-codes/
2026-05-06 13:25:13 0 [ERROR] InnoDB: Could not find a valid tablespace file for ``phpmyadmin`.`pma__pdf_pages``. Please refer to https://mariadb.com/kb/en/innodb-data-dictionary-troubleshooting/ for how to resolve the issue.
2026-05-06 13:25:13 0 [Warning] InnoDB: Ignoring tablespace for `phpmyadmin`.`pma__pdf_pages` because it could not be opened.
2026-05-06 13:25:13 0 [ERROR] InnoDB: Operating system error number 3 in a file operation.
2026-05-06 13:25:13 0 [ERROR] InnoDB: The error means the system cannot find the path specified.
2026-05-06 13:25:13 0 [ERROR] InnoDB: If you are installing InnoDB, remember that you must create directories yourself, InnoDB does not create them.
2026-05-06 13:25:13 0 [ERROR] InnoDB: Cannot open datafile for read-only: '.\phpmyadmin\pma__recent.ibd' OS error: 203
2026-05-06 13:25:13 0 [ERROR] InnoDB: Operating system error number 203 in a file operation.
2026-05-06 13:25:13 0 [Note] InnoDB: Some operating system error numbers are described at https://mariadb.com/kb/en/library/operating-system-error-codes/
2026-05-06 13:25:13 0 [ERROR] InnoDB: Could not find a valid tablespace file for ``phpmyadmin`.`pma__recent``. Please refer to https://mariadb.com/kb/en/innodb-data-dictionary-troubleshooting/ for how to resolve the issue.
2026-05-06 13:25:13 0 [Warning] InnoDB: Ignoring tablespace for `phpmyadmin`.`pma__recent` because it could not be opened.
2026-05-06 13:25:13 0 [ERROR] InnoDB: Operating system error number 3 in a file operation.
2026-05-06 13:25:13 0 [ERROR] InnoDB: The error means the system cannot find the path specified.
2026-05-06 13:25:13 0 [ERROR] InnoDB: If you are installing InnoDB, remember that you must create directories yourself, InnoDB does not create them.
2026-05-06 13:25:13 0 [ERROR] InnoDB: Cannot open datafile for read-only: '.\phpmyadmin\pma__relation.ibd' OS error: 203
2026-05-06 13:25:13 0 [ERROR] InnoDB: Operating system error number 203 in a file operation.
2026-05-06 13:25:13 0 [Note] InnoDB: Some operating system error numbers are described at https://mariadb.com/kb/en/library/operating-system-error-codes/
2026-05-06 13:25:13 0 [ERROR] InnoDB: Could not find a valid tablespace file for ``phpmyadmin`.`pma__relation``. Please refer to https://mariadb.com/kb/en/innodb-data-dictionary-troubleshooting/ for how to resolve the issue.
2026-05-06 13:25:13 0 [Warning] InnoDB: Ignoring tablespace for `phpmyadmin`.`pma__relation` because it could not be opened.
2026-05-06 13:25:13 0 [ERROR] InnoDB: Operating system error number 3 in a file operation.
2026-05-06 13:25:13 0 [ERROR] InnoDB: The error means the system cannot find the path specified.
2026-05-06 13:25:13 0 [ERROR] InnoDB: If you are installing InnoDB, remember that you must create directories yourself, InnoDB does not create them.
2026-05-06 13:25:13 0 [ERROR] InnoDB: Cannot open datafile for read-only: '.\phpmyadmin\pma__savedsearches.ibd' OS error: 203
2026-05-06 13:25:13 0 [ERROR] InnoDB: Operating system error number 203 in a file operation.
2026-05-06 13:25:13 0 [Note] InnoDB: Some operating system error numbers are described at https://mariadb.com/kb/en/library/operating-system-error-codes/
2026-05-06 13:25:13 0 [ERROR] InnoDB: Could not find a valid tablespace file for ``phpmyadmin`.`pma__savedsearches``. Please refer to https://mariadb.com/kb/en/innodb-data-dictionary-troubleshooting/ for how to resolve the issue.
2026-05-06 13:25:13 0 [Warning] InnoDB: Ignoring tablespace for `phpmyadmin`.`pma__savedsearches` because it could not be opened.
2026-05-06 13:25:13 0 [ERROR] InnoDB: Operating system error number 3 in a file operation.
2026-05-06 13:25:13 0 [ERROR] InnoDB: The error means the system cannot find the path specified.
2026-05-06 13:25:13 0 [ERROR] InnoDB: If you are installing InnoDB, remember that you must create directories yourself, InnoDB does not create them.
2026-05-06 13:25:13 0 [ERROR] InnoDB: Cannot open datafile for read-only: '.\phpmyadmin\pma__table_coords.ibd' OS error: 203
2026-05-06 13:25:13 0 [ERROR] InnoDB: Operating system error number 203 in a file operation.
2026-05-06 13:25:13 0 [Note] InnoDB: Some operating system error numbers are described at https://mariadb.com/kb/en/library/operating-system-error-codes/
2026-05-06 13:25:13 0 [ERROR] InnoDB: Could not find a valid tablespace file for ``phpmyadmin`.`pma__table_coords``. Please refer to https://mariadb.com/kb/en/innodb-data-dictionary-troubleshooting/ for how to resolve the issue.
2026-05-06 13:25:13 0 [Warning] InnoDB: Ignoring tablespace for `phpmyadmin`.`pma__table_coords` because it could not be opened.
2026-05-06 13:25:13 0 [ERROR] InnoDB: Operating system error number 3 in a file operation.
2026-05-06 13:25:13 0 [ERROR] InnoDB: The error means the system cannot find the path specified.
2026-05-06 13:25:13 0 [ERROR] InnoDB: If you are installing InnoDB, remember that you must create directories yourself, InnoDB does not create them.
2026-05-06 13:25:13 0 [ERROR] InnoDB: Cannot open datafile for read-only: '.\phpmyadmin\pma__table_info.ibd' OS error: 203
2026-05-06 13:25:13 0 [ERROR] InnoDB: Operating system error number 203 in a file operation.
2026-05-06 13:25:13 0 [Note] InnoDB: Some operating system error numbers are described at https://mariadb.com/kb/en/library/operating-system-error-codes/
2026-05-06 13:25:13 0 [ERROR] InnoDB: Could not find a valid tablespace file for ``phpmyadmin`.`pma__table_info``. Please refer to https://mariadb.com/kb/en/innodb-data-dictionary-troubleshooting/ for how to resolve the issue.
2026-05-06 13:25:13 0 [Warning] InnoDB: Ignoring tablespace for `phpmyadmin`.`pma__table_info` because it could not be opened.
2026-05-06 13:25:13 0 [ERROR] InnoDB: Operating system error number 3 in a file operation.
2026-05-06 13:25:13 0 [ERROR] InnoDB: The error means the system cannot find the path specified.
2026-05-06 13:25:13 0 [ERROR] InnoDB: If you are installing InnoDB, remember that you must create directories yourself, InnoDB does not create them.
2026-05-06 13:25:13 0 [ERROR] InnoDB: Cannot open datafile for read-only: '.\phpmyadmin\pma__table_uiprefs.ibd' OS error: 203
2026-05-06 13:25:13 0 [ERROR] InnoDB: Operating system error number 203 in a file operation.
2026-05-06 13:25:13 0 [Note] InnoDB: Some operating system error numbers are described at https://mariadb.com/kb/en/library/operating-system-error-codes/
2026-05-06 13:25:13 0 [ERROR] InnoDB: Could not find a valid tablespace file for ``phpmyadmin`.`pma__table_uiprefs``. Please refer to https://mariadb.com/kb/en/innodb-data-dictionary-troubleshooting/ for how to resolve the issue.
2026-05-06 13:25:13 0 [Warning] InnoDB: Ignoring tablespace for `phpmyadmin`.`pma__table_uiprefs` because it could not be opened.
2026-05-06 13:25:13 0 [ERROR] InnoDB: Operating system error number 3 in a file operation.
2026-05-06 13:25:13 0 [ERROR] InnoDB: The error means the system cannot find the path specified.
2026-05-06 13:25:13 0 [ERROR] InnoDB: If you are installing InnoDB, remember that you must create directories yourself, InnoDB does not create them.
2026-05-06 13:25:13 0 [ERROR] InnoDB: Cannot open datafile for read-only: '.\phpmyadmin\pma__tracking.ibd' OS error: 203
2026-05-06 13:25:13 0 [ERROR] InnoDB: Operating system error number 203 in a file operation.
2026-05-06 13:25:13 0 [Note] InnoDB: Some operating system error numbers are described at https://mariadb.com/kb/en/library/operating-system-error-codes/
2026-05-06 13:25:13 0 [ERROR] InnoDB: Could not find a valid tablespace file for ``phpmyadmin`.`pma__tracking``. Please refer to https://mariadb.com/kb/en/innodb-data-dictionary-troubleshooting/ for how to resolve the issue.
2026-05-06 13:25:13 0 [Warning] InnoDB: Ignoring tablespace for `phpmyadmin`.`pma__tracking` because it could not be opened.
2026-05-06 13:25:13 0 [ERROR] InnoDB: Operating system error number 3 in a file operation.
2026-05-06 13:25:13 0 [ERROR] InnoDB: The error means the system cannot find the path specified.
2026-05-06 13:25:13 0 [ERROR] InnoDB: If you are installing InnoDB, remember that you must create directories yourself, InnoDB does not create them.
2026-05-06 13:25:13 0 [ERROR] InnoDB: Cannot open datafile for read-only: '.\phpmyadmin\pma__userconfig.ibd' OS error: 203
2026-05-06 13:25:13 0 [ERROR] InnoDB: Operating system error number 203 in a file operation.
2026-05-06 13:25:13 0 [Note] InnoDB: Some operating system error numbers are described at https://mariadb.com/kb/en/library/operating-system-error-codes/
2026-05-06 13:25:13 0 [ERROR] InnoDB: Could not find a valid tablespace file for ``phpmyadmin`.`pma__userconfig``. Please refer to https://mariadb.com/kb/en/innodb-data-dictionary-troubleshooting/ for how to resolve the issue.
2026-05-06 13:25:13 0 [Warning] InnoDB: Ignoring tablespace for `phpmyadmin`.`pma__userconfig` because it could not be opened.
2026-05-06 13:25:13 0 [ERROR] InnoDB: Operating system error number 3 in a file operation.
2026-05-06 13:25:13 0 [ERROR] InnoDB: The error means the system cannot find the path specified.
2026-05-06 13:25:13 0 [ERROR] InnoDB: If you are installing InnoDB, remember that you must create directories yourself, InnoDB does not create them.
2026-05-06 13:25:13 0 [ERROR] InnoDB: Cannot open datafile for read-only: '.\phpmyadmin\pma__usergroups.ibd' OS error: 203
2026-05-06 13:25:13 0 [ERROR] InnoDB: Operating system error number 203 in a file operation.
2026-05-06 13:25:13 0 [Note] InnoDB: Some operating system error numbers are described at https://mariadb.com/kb/en/library/operating-system-error-codes/
2026-05-06 13:25:13 0 [ERROR] InnoDB: Could not find a valid tablespace file for ``phpmyadmin`.`pma__usergroups``. Please refer to https://mariadb.com/kb/en/innodb-data-dictionary-troubleshooting/ for how to resolve the issue.
2026-05-06 13:25:13 0 [Warning] InnoDB: Ignoring tablespace for `phpmyadmin`.`pma__usergroups` because it could not be opened.
2026-05-06 13:25:13 0 [ERROR] InnoDB: Operating system error number 3 in a file operation.
2026-05-06 13:25:13 0 [ERROR] InnoDB: The error means the system cannot find the path specified.
2026-05-06 13:25:13 0 [ERROR] InnoDB: If you are installing InnoDB, remember that you must create directories yourself, InnoDB does not create them.
2026-05-06 13:25:13 0 [ERROR] InnoDB: Cannot open datafile for read-only: '.\phpmyadmin\pma__users.ibd' OS error: 203
2026-05-06 13:25:13 0 [ERROR] InnoDB: Operating system error number 203 in a file operation.
2026-05-06 13:25:13 0 [Note] InnoDB: Some operating system error numbers are described at https://mariadb.com/kb/en/library/operating-system-error-codes/
2026-05-06 13:25:13 0 [ERROR] InnoDB: Could not find a valid tablespace file for ``phpmyadmin`.`pma__users``. Please refer to https://mariadb.com/kb/en/innodb-data-dictionary-troubleshooting/ for how to resolve the issue.
2026-05-06 13:25:13 0 [Warning] InnoDB: Ignoring tablespace for `phpmyadmin`.`pma__users` because it could not be opened.
2026-05-06 13:25:14 0 [Note] InnoDB: 128 out of 128 rollback segments are active.
2026-05-06 13:25:14 0 [Note] InnoDB: Creating shared tablespace for temporary tables
2026-05-06 13:25:14 0 [Note] InnoDB: Setting file 'C:\moodle\server\mysql\data\ibtmp1' size to 12 MB. Physically writing the file full; Please wait ...
2026-05-06 13:25:14 0 [Note] InnoDB: File 'C:\moodle\server\mysql\data\ibtmp1' size is now 12 MB.
2026-05-06 13:25:14 0 [Note] InnoDB: Waiting for purge to start
2026-05-06 13:25:14 0 [Note] InnoDB: 10.4.28 started; log sequence number 16725347; transaction id 31611
2026-05-06 13:25:14 0 [Note] InnoDB: Loading buffer pool(s) from C:\moodle\server\mysql\data\ib_buffer_pool
2026-05-06 13:25:14 0 [Note] Plugin 'FEEDBACK' is disabled.
2026-05-06 13:25:14 0 [Note] Server socket created on IP: '::'.
2026-05-06 13:25:14 0 [Note] Reading of all Master_info entries succeeded
2026-05-06 13:25:14 0 [Note] Added new Master_info '' to hash table
2026-05-06 13:25:14 0 [Note] mysql\bin\mysqld.exe: ready for connections.
Version: '10.4.28-MariaDB'  socket: ''  port: 3306  mariadb.org binary distribution
2026-05-06 13:25:15 0 [Note] InnoDB: Buffer pool(s) load completed at 260506 13:25:15
2026-05-06 14:36:57 0 [Note] mysql\bin\mysqld.exe (initiated by: unknown): Normal shutdown
2026-05-06 14:36:57 0 [Note] Event Scheduler: Purging the queue. 0 events
2026-05-06 14:36:57 0 [Note] InnoDB: FTS optimize thread exiting.
2026-05-06 14:36:57 0 [Note] InnoDB: Starting shutdown...
2026-05-06 14:36:57 0 [Note] InnoDB: Dumping buffer pool(s) to C:\moodle\server\mysql\data\ib_buffer_pool
2026-05-06 14:36:57 0 [Note] InnoDB: Buffer pool(s) dump completed at 260506 14:36:57
2026-05-06 14:36:58 0 [Note] InnoDB: Removed temporary tablespace data file: "ibtmp1"
2026-05-06 14:36:58 0 [Note] InnoDB: Shutdown completed; log sequence number 19660750; transaction id 36503
2026-05-06 14:36:58 0 [Note] mysql\bin\mysqld.exe: Shutdown complete

2026-05-07 13:02:24 0 [Note] Starting MariaDB 10.4.28-MariaDB source revision c8f2e9a5c0ac5905f28b050b7df5a9ffd914b7e7 as process 28408
2026-05-07 13:02:24 0 [Note] InnoDB: Mutexes and rw_locks use Windows interlocked functions
2026-05-07 13:02:24 0 [Note] InnoDB: Uses event mutexes
2026-05-07 13:02:24 0 [Note] InnoDB: Compressed tables use zlib 1.2.12
2026-05-07 13:02:24 0 [Note] InnoDB: Number of pools: 1
2026-05-07 13:02:24 0 [Note] InnoDB: Using SSE2 crc32 instructions
2026-05-07 13:02:24 0 [Note] InnoDB: Initializing buffer pool, total size = 256M, instances = 1, chunk size = 128M
2026-05-07 13:02:24 0 [Note] InnoDB: Completed initialization of buffer pool
2026-05-07 13:02:29 0 [ERROR] InnoDB: Operating system error number 3 in a file operation.
2026-05-07 13:02:29 0 [ERROR] InnoDB: The error means the system cannot find the path specified.
2026-05-07 13:02:29 0 [ERROR] InnoDB: If you are installing InnoDB, remember that you must create directories yourself, InnoDB does not create them.
2026-05-07 13:02:29 0 [ERROR] InnoDB: Cannot open datafile for read-only: '.\phpmyadmin\pma__bookmark.ibd' OS error: 203
2026-05-07 13:02:29 0 [ERROR] InnoDB: Operating system error number 203 in a file operation.
2026-05-07 13:02:29 0 [Note] InnoDB: Some operating system error numbers are described at https://mariadb.com/kb/en/library/operating-system-error-codes/
2026-05-07 13:02:29 0 [ERROR] InnoDB: Could not find a valid tablespace file for ``phpmyadmin`.`pma__bookmark``. Please refer to https://mariadb.com/kb/en/innodb-data-dictionary-troubleshooting/ for how to resolve the issue.
2026-05-07 13:02:29 0 [Warning] InnoDB: Ignoring tablespace for `phpmyadmin`.`pma__bookmark` because it could not be opened.
2026-05-07 13:02:29 0 [ERROR] InnoDB: Operating system error number 3 in a file operation.
2026-05-07 13:02:29 0 [ERROR] InnoDB: The error means the system cannot find the path specified.
2026-05-07 13:02:29 0 [ERROR] InnoDB: If you are installing InnoDB, remember that you must create directories yourself, InnoDB does not create them.
2026-05-07 13:02:29 0 [ERROR] InnoDB: Cannot open datafile for read-only: '.\phpmyadmin\pma__central_columns.ibd' OS error: 203
2026-05-07 13:02:29 0 [ERROR] InnoDB: Operating system error number 203 in a file operation.
2026-05-07 13:02:29 0 [Note] InnoDB: Some operating system error numbers are described at https://mariadb.com/kb/en/library/operating-system-error-codes/
2026-05-07 13:02:29 0 [ERROR] InnoDB: Could not find a valid tablespace file for ``phpmyadmin`.`pma__central_columns``. Please refer to https://mariadb.com/kb/en/innodb-data-dictionary-troubleshooting/ for how to resolve the issue.
2026-05-07 13:02:29 0 [Warning] InnoDB: Ignoring tablespace for `phpmyadmin`.`pma__central_columns` because it could not be opened.
2026-05-07 13:02:29 0 [ERROR] InnoDB: Operating system error number 3 in a file operation.
2026-05-07 13:02:29 0 [ERROR] InnoDB: The error means the system cannot find the path specified.
2026-05-07 13:02:29 0 [ERROR] InnoDB: If you are installing InnoDB, remember that you must create directories yourself, InnoDB does not create them.
2026-05-07 13:02:29 0 [ERROR] InnoDB: Cannot open datafile for read-only: '.\phpmyadmin\pma__column_info.ibd' OS error: 203
2026-05-07 13:02:29 0 [ERROR] InnoDB: Operating system error number 203 in a file operation.
2026-05-07 13:02:29 0 [Note] InnoDB: Some operating system error numbers are described at https://mariadb.com/kb/en/library/operating-system-error-codes/
2026-05-07 13:02:29 0 [ERROR] InnoDB: Could not find a valid tablespace file for ``phpmyadmin`.`pma__column_info``. Please refer to https://mariadb.com/kb/en/innodb-data-dictionary-troubleshooting/ for how to resolve the issue.
2026-05-07 13:02:29 0 [Warning] InnoDB: Ignoring tablespace for `phpmyadmin`.`pma__column_info` because it could not be opened.
2026-05-07 13:02:29 0 [ERROR] InnoDB: Operating system error number 3 in a file operation.
2026-05-07 13:02:29 0 [ERROR] InnoDB: The error means the system cannot find the path specified.
2026-05-07 13:02:29 0 [ERROR] InnoDB: If you are installing InnoDB, remember that you must create directories yourself, InnoDB does not create them.
2026-05-07 13:02:29 0 [ERROR] InnoDB: Cannot open datafile for read-only: '.\phpmyadmin\pma__designer_settings.ibd' OS error: 203
2026-05-07 13:02:29 0 [ERROR] InnoDB: Operating system error number 203 in a file operation.
2026-05-07 13:02:29 0 [Note] InnoDB: Some operating system error numbers are described at https://mariadb.com/kb/en/library/operating-system-error-codes/
2026-05-07 13:02:29 0 [ERROR] InnoDB: Could not find a valid tablespace file for ``phpmyadmin`.`pma__designer_settings``. Please refer to https://mariadb.com/kb/en/innodb-data-dictionary-troubleshooting/ for how to resolve the issue.
2026-05-07 13:02:29 0 [Warning] InnoDB: Ignoring tablespace for `phpmyadmin`.`pma__designer_settings` because it could not be opened.
2026-05-07 13:02:29 0 [ERROR] InnoDB: Operating system error number 3 in a file operation.
2026-05-07 13:02:29 0 [ERROR] InnoDB: The error means the system cannot find the path specified.
2026-05-07 13:02:29 0 [ERROR] InnoDB: If you are installing InnoDB, remember that you must create directories yourself, InnoDB does not create them.
2026-05-07 13:02:29 0 [ERROR] InnoDB: Cannot open datafile for read-only: '.\phpmyadmin\pma__export_templates.ibd' OS error: 203
2026-05-07 13:02:29 0 [ERROR] InnoDB: Operating system error number 203 in a file operation.
2026-05-07 13:02:29 0 [Note] InnoDB: Some operating system error numbers are described at https://mariadb.com/kb/en/library/operating-system-error-codes/
2026-05-07 13:02:29 0 [ERROR] InnoDB: Could not find a valid tablespace file for ``phpmyadmin`.`pma__export_templates``. Please refer to https://mariadb.com/kb/en/innodb-data-dictionary-troubleshooting/ for how to resolve the issue.
2026-05-07 13:02:29 0 [Warning] InnoDB: Ignoring tablespace for `phpmyadmin`.`pma__export_templates` because it could not be opened.
2026-05-07 13:02:29 0 [ERROR] InnoDB: Operating system error number 3 in a file operation.
2026-05-07 13:02:29 0 [ERROR] InnoDB: The error means the system cannot find the path specified.
2026-05-07 13:02:29 0 [ERROR] InnoDB: If you are installing InnoDB, remember that you must create directories yourself, InnoDB does not create them.
2026-05-07 13:02:29 0 [ERROR] InnoDB: Cannot open datafile for read-only: '.\phpmyadmin\pma__favorite.ibd' OS error: 203
2026-05-07 13:02:29 0 [ERROR] InnoDB: Operating system error number 203 in a file operation.
2026-05-07 13:02:29 0 [Note] InnoDB: Some operating system error numbers are described at https://mariadb.com/kb/en/library/operating-system-error-codes/
2026-05-07 13:02:29 0 [ERROR] InnoDB: Could not find a valid tablespace file for ``phpmyadmin`.`pma__favorite``. Please refer to https://mariadb.com/kb/en/innodb-data-dictionary-troubleshooting/ for how to resolve the issue.
2026-05-07 13:02:29 0 [Warning] InnoDB: Ignoring tablespace for `phpmyadmin`.`pma__favorite` because it could not be opened.
2026-05-07 13:02:29 0 [ERROR] InnoDB: Operating system error number 3 in a file operation.
2026-05-07 13:02:29 0 [ERROR] InnoDB: The error means the system cannot find the path specified.
2026-05-07 13:02:29 0 [ERROR] InnoDB: If you are installing InnoDB, remember that you must create directories yourself, InnoDB does not create them.
2026-05-07 13:02:29 0 [ERROR] InnoDB: Cannot open datafile for read-only: '.\phpmyadmin\pma__history.ibd' OS error: 203
2026-05-07 13:02:29 0 [ERROR] InnoDB: Operating system error number 203 in a file operation.
2026-05-07 13:02:29 0 [Note] InnoDB: Some operating system error numbers are described at https://mariadb.com/kb/en/library/operating-system-error-codes/
2026-05-07 13:02:29 0 [ERROR] InnoDB: Could not find a valid tablespace file for ``phpmyadmin`.`pma__history``. Please refer to https://mariadb.com/kb/en/innodb-data-dictionary-troubleshooting/ for how to resolve the issue.
2026-05-07 13:02:29 0 [Warning] InnoDB: Ignoring tablespace for `phpmyadmin`.`pma__history` because it could not be opened.
2026-05-07 13:02:29 0 [ERROR] InnoDB: Operating system error number 3 in a file operation.
2026-05-07 13:02:29 0 [ERROR] InnoDB: The error means the system cannot find the path specified.
2026-05-07 13:02:29 0 [ERROR] InnoDB: If you are installing InnoDB, remember that you must create directories yourself, InnoDB does not create them.
2026-05-07 13:02:29 0 [ERROR] InnoDB: Cannot open datafile for read-only: '.\phpmyadmin\pma__navigationhiding.ibd' OS error: 203
2026-05-07 13:02:29 0 [ERROR] InnoDB: Operating system error number 203 in a file operation.
2026-05-07 13:02:29 0 [Note] InnoDB: Some operating system error numbers are described at https://mariadb.com/kb/en/library/operating-system-error-codes/
2026-05-07 13:02:29 0 [ERROR] InnoDB: Could not find a valid tablespace file for ``phpmyadmin`.`pma__navigationhiding``. Please refer to https://mariadb.com/kb/en/innodb-data-dictionary-troubleshooting/ for how to resolve the issue.
2026-05-07 13:02:29 0 [Warning] InnoDB: Ignoring tablespace for `phpmyadmin`.`pma__navigationhiding` because it could not be opened.
2026-05-07 13:02:29 0 [ERROR] InnoDB: Operating system error number 3 in a file operation.
2026-05-07 13:02:29 0 [ERROR] InnoDB: The error means the system cannot find the path specified.
2026-05-07 13:02:29 0 [ERROR] InnoDB: If you are installing InnoDB, remember that you must create directories yourself, InnoDB does not create them.
2026-05-07 13:02:29 0 [ERROR] InnoDB: Cannot open datafile for read-only: '.\phpmyadmin\pma__pdf_pages.ibd' OS error: 203
2026-05-07 13:02:29 0 [ERROR] InnoDB: Operating system error number 203 in a file operation.
2026-05-07 13:02:29 0 [Note] InnoDB: Some operating system error numbers are described at https://mariadb.com/kb/en/library/operating-system-error-codes/
2026-05-07 13:02:29 0 [ERROR] InnoDB: Could not find a valid tablespace file for ``phpmyadmin`.`pma__pdf_pages``. Please refer to https://mariadb.com/kb/en/innodb-data-dictionary-troubleshooting/ for how to resolve the issue.
2026-05-07 13:02:29 0 [Warning] InnoDB: Ignoring tablespace for `phpmyadmin`.`pma__pdf_pages` because it could not be opened.
2026-05-07 13:02:29 0 [ERROR] InnoDB: Operating system error number 3 in a file operation.
2026-05-07 13:02:29 0 [ERROR] InnoDB: The error means the system cannot find the path specified.
2026-05-07 13:02:29 0 [ERROR] InnoDB: If you are installing InnoDB, remember that you must create directories yourself, InnoDB does not create them.
2026-05-07 13:02:29 0 [ERROR] InnoDB: Cannot open datafile for read-only: '.\phpmyadmin\pma__recent.ibd' OS error: 203
2026-05-07 13:02:29 0 [ERROR] InnoDB: Operating system error number 203 in a file operation.
2026-05-07 13:02:29 0 [Note] InnoDB: Some operating system error numbers are described at https://mariadb.com/kb/en/library/operating-system-error-codes/
2026-05-07 13:02:29 0 [ERROR] InnoDB: Could not find a valid tablespace file for ``phpmyadmin`.`pma__recent``. Please refer to https://mariadb.com/kb/en/innodb-data-dictionary-troubleshooting/ for how to resolve the issue.
2026-05-07 13:02:29 0 [Warning] InnoDB: Ignoring tablespace for `phpmyadmin`.`pma__recent` because it could not be opened.
2026-05-07 13:02:29 0 [ERROR] InnoDB: Operating system error number 3 in a file operation.
2026-05-07 13:02:29 0 [ERROR] InnoDB: The error means the system cannot find the path specified.
2026-05-07 13:02:29 0 [ERROR] InnoDB: If you are installing InnoDB, remember that you must create directories yourself, InnoDB does not create them.
2026-05-07 13:02:29 0 [ERROR] InnoDB: Cannot open datafile for read-only: '.\phpmyadmin\pma__relation.ibd' OS error: 203
2026-05-07 13:02:29 0 [ERROR] InnoDB: Operating system error number 203 in a file operation.
2026-05-07 13:02:29 0 [Note] InnoDB: Some operating system error numbers are described at https://mariadb.com/kb/en/library/operating-system-error-codes/
2026-05-07 13:02:29 0 [ERROR] InnoDB: Could not find a valid tablespace file for ``phpmyadmin`.`pma__relation``. Please refer to https://mariadb.com/kb/en/innodb-data-dictionary-troubleshooting/ for how to resolve the issue.
2026-05-07 13:02:29 0 [Warning] InnoDB: Ignoring tablespace for `phpmyadmin`.`pma__relation` because it could not be opened.
2026-05-07 13:02:29 0 [ERROR] InnoDB: Operating system error number 3 in a file operation.
2026-05-07 13:02:29 0 [ERROR] InnoDB: The error means the system cannot find the path specified.
2026-05-07 13:02:29 0 [ERROR] InnoDB: If you are installing InnoDB, remember that you must create directories yourself, InnoDB does not create them.
2026-05-07 13:02:29 0 [ERROR] InnoDB: Cannot open datafile for read-only: '.\phpmyadmin\pma__savedsearches.ibd' OS error: 203
2026-05-07 13:02:29 0 [ERROR] InnoDB: Operating system error number 203 in a file operation.
2026-05-07 13:02:29 0 [Note] InnoDB: Some operating system error numbers are described at https://mariadb.com/kb/en/library/operating-system-error-codes/
2026-05-07 13:02:29 0 [ERROR] InnoDB: Could not find a valid tablespace file for ``phpmyadmin`.`pma__savedsearches``. Please refer to https://mariadb.com/kb/en/innodb-data-dictionary-troubleshooting/ for how to resolve the issue.
2026-05-07 13:02:29 0 [Warning] InnoDB: Ignoring tablespace for `phpmyadmin`.`pma__savedsearches` because it could not be opened.
2026-05-07 13:02:29 0 [ERROR] InnoDB: Operating system error number 3 in a file operation.
2026-05-07 13:02:29 0 [ERROR] InnoDB: The error means the system cannot find the path specified.
2026-05-07 13:02:29 0 [ERROR] InnoDB: If you are installing InnoDB, remember that you must create directories yourself, InnoDB does not create them.
2026-05-07 13:02:29 0 [ERROR] InnoDB: Cannot open datafile for read-only: '.\phpmyadmin\pma__table_coords.ibd' OS error: 203
2026-05-07 13:02:29 0 [ERROR] InnoDB: Operating system error number 203 in a file operation.
2026-05-07 13:02:29 0 [Note] InnoDB: Some operating system error numbers are described at https://mariadb.com/kb/en/library/operating-system-error-codes/
2026-05-07 13:02:29 0 [ERROR] InnoDB: Could not find a valid tablespace file for ``phpmyadmin`.`pma__table_coords``. Please refer to https://mariadb.com/kb/en/innodb-data-dictionary-troubleshooting/ for how to resolve the issue.
2026-05-07 13:02:29 0 [Warning] InnoDB: Ignoring tablespace for `phpmyadmin`.`pma__table_coords` because it could not be opened.
2026-05-07 13:02:29 0 [ERROR] InnoDB: Operating system error number 3 in a file operation.
2026-05-07 13:02:29 0 [ERROR] InnoDB: The error means the system cannot find the path specified.
2026-05-07 13:02:29 0 [ERROR] InnoDB: If you are installing InnoDB, remember that you must create directories yourself, InnoDB does not create them.
2026-05-07 13:02:29 0 [ERROR] InnoDB: Cannot open datafile for read-only: '.\phpmyadmin\pma__table_info.ibd' OS error: 203
2026-05-07 13:02:29 0 [ERROR] InnoDB: Operating system error number 203 in a file operation.
2026-05-07 13:02:29 0 [Note] InnoDB: Some operating system error numbers are described at https://mariadb.com/kb/en/library/operating-system-error-codes/
2026-05-07 13:02:29 0 [ERROR] InnoDB: Could not find a valid tablespace file for ``phpmyadmin`.`pma__table_info``. Please refer to https://mariadb.com/kb/en/innodb-data-dictionary-troubleshooting/ for how to resolve the issue.
2026-05-07 13:02:29 0 [Warning] InnoDB: Ignoring tablespace for `phpmyadmin`.`pma__table_info` because it could not be opened.
2026-05-07 13:02:29 0 [ERROR] InnoDB: Operating system error number 3 in a file operation.
2026-05-07 13:02:29 0 [ERROR] InnoDB: The error means the system cannot find the path specified.
2026-05-07 13:02:29 0 [ERROR] InnoDB: If you are installing InnoDB, remember that you must create directories yourself, InnoDB does not create them.
2026-05-07 13:02:29 0 [ERROR] InnoDB: Cannot open datafile for read-only: '.\phpmyadmin\pma__table_uiprefs.ibd' OS error: 203
2026-05-07 13:02:29 0 [ERROR] InnoDB: Operating system error number 203 in a file operation.
2026-05-07 13:02:29 0 [Note] InnoDB: Some operating system error numbers are described at https://mariadb.com/kb/en/library/operating-system-error-codes/
2026-05-07 13:02:29 0 [ERROR] InnoDB: Could not find a valid tablespace file for ``phpmyadmin`.`pma__table_uiprefs``. Please refer to https://mariadb.com/kb/en/innodb-data-dictionary-troubleshooting/ for how to resolve the issue.
2026-05-07 13:02:29 0 [Warning] InnoDB: Ignoring tablespace for `phpmyadmin`.`pma__table_uiprefs` because it could not be opened.
2026-05-07 13:02:29 0 [ERROR] InnoDB: Operating system error number 3 in a file operation.
2026-05-07 13:02:29 0 [ERROR] InnoDB: The error means the system cannot find the path specified.
2026-05-07 13:02:29 0 [ERROR] InnoDB: If you are installing InnoDB, remember that you must create directories yourself, InnoDB does not create them.
2026-05-07 13:02:29 0 [ERROR] InnoDB: Cannot open datafile for read-only: '.\phpmyadmin\pma__tracking.ibd' OS error: 203
2026-05-07 13:02:29 0 [ERROR] InnoDB: Operating system error number 203 in a file operation.
2026-05-07 13:02:29 0 [Note] InnoDB: Some operating system error numbers are described at https://mariadb.com/kb/en/library/operating-system-error-codes/
2026-05-07 13:02:29 0 [ERROR] InnoDB: Could not find a valid tablespace file for ``phpmyadmin`.`pma__tracking``. Please refer to https://mariadb.com/kb/en/innodb-data-dictionary-troubleshooting/ for how to resolve the issue.
2026-05-07 13:02:29 0 [Warning] InnoDB: Ignoring tablespace for `phpmyadmin`.`pma__tracking` because it could not be opened.
2026-05-07 13:02:29 0 [ERROR] InnoDB: Operating system error number 3 in a file operation.
2026-05-07 13:02:29 0 [ERROR] InnoDB: The error means the system cannot find the path specified.
2026-05-07 13:02:29 0 [ERROR] InnoDB: If you are installing InnoDB, remember that you must create directories yourself, InnoDB does not create them.
2026-05-07 13:02:29 0 [ERROR] InnoDB: Cannot open datafile for read-only: '.\phpmyadmin\pma__userconfig.ibd' OS error: 203
2026-05-07 13:02:29 0 [ERROR] InnoDB: Operating system error number 203 in a file operation.
2026-05-07 13:02:29 0 [Note] InnoDB: Some operating system error numbers are described at https://mariadb.com/kb/en/library/operating-system-error-codes/
2026-05-07 13:02:29 0 [ERROR] InnoDB: Could not find a valid tablespace file for ``phpmyadmin`.`pma__userconfig``. Please refer to https://mariadb.com/kb/en/innodb-data-dictionary-troubleshooting/ for how to resolve the issue.
2026-05-07 13:02:29 0 [Warning] InnoDB: Ignoring tablespace for `phpmyadmin`.`pma__userconfig` because it could not be opened.
2026-05-07 13:02:29 0 [ERROR] InnoDB: Operating system error number 3 in a file operation.
2026-05-07 13:02:29 0 [ERROR] InnoDB: The error means the system cannot find the path specified.
2026-05-07 13:02:29 0 [ERROR] InnoDB: If you are installing InnoDB, remember that you must create directories yourself, InnoDB does not create them.
2026-05-07 13:02:29 0 [ERROR] InnoDB: Cannot open datafile for read-only: '.\phpmyadmin\pma__usergroups.ibd' OS error: 203
2026-05-07 13:02:29 0 [ERROR] InnoDB: Operating system error number 203 in a file operation.
2026-05-07 13:02:29 0 [Note] InnoDB: Some operating system error numbers are described at https://mariadb.com/kb/en/library/operating-system-error-codes/
2026-05-07 13:02:29 0 [ERROR] InnoDB: Could not find a valid tablespace file for ``phpmyadmin`.`pma__usergroups``. Please refer to https://mariadb.com/kb/en/innodb-data-dictionary-troubleshooting/ for how to resolve the issue.
2026-05-07 13:02:29 0 [Warning] InnoDB: Ignoring tablespace for `phpmyadmin`.`pma__usergroups` because it could not be opened.
2026-05-07 13:02:29 0 [ERROR] InnoDB: Operating system error number 3 in a file operation.
2026-05-07 13:02:29 0 [ERROR] InnoDB: The error means the system cannot find the path specified.
2026-05-07 13:02:29 0 [ERROR] InnoDB: If you are installing InnoDB, remember that you must create directories yourself, InnoDB does not create them.
2026-05-07 13:02:29 0 [ERROR] InnoDB: Cannot open datafile for read-only: '.\phpmyadmin\pma__users.ibd' OS error: 203
2026-05-07 13:02:29 0 [ERROR] InnoDB: Operating system error number 203 in a file operation.
2026-05-07 13:02:29 0 [Note] InnoDB: Some operating system error numbers are described at https://mariadb.com/kb/en/library/operating-system-error-codes/
2026-05-07 13:02:29 0 [ERROR] InnoDB: Could not find a valid tablespace file for ``phpmyadmin`.`pma__users``. Please refer to https://mariadb.com/kb/en/innodb-data-dictionary-troubleshooting/ for how to resolve the issue.
2026-05-07 13:02:29 0 [Warning] InnoDB: Ignoring tablespace for `phpmyadmin`.`pma__users` because it could not be opened.
2026-05-07 13:02:30 0 [Note] InnoDB: 128 out of 128 rollback segments are active.
2026-05-07 13:02:30 0 [Note] InnoDB: Creating shared tablespace for temporary tables
2026-05-07 13:02:30 0 [Note] InnoDB: Setting file 'C:\moodle\server\mysql\data\ibtmp1' size to 12 MB. Physically writing the file full; Please wait ...
2026-05-07 13:02:30 0 [Note] InnoDB: File 'C:\moodle\server\mysql\data\ibtmp1' size is now 12 MB.
2026-05-07 13:02:30 0 [Note] InnoDB: Waiting for purge to start
2026-05-07 13:02:30 0 [Note] InnoDB: 10.4.28 started; log sequence number 19660750; transaction id 36504
2026-05-07 13:02:30 0 [Note] InnoDB: Loading buffer pool(s) from C:\moodle\server\mysql\data\ib_buffer_pool
2026-05-07 13:02:30 0 [Note] Plugin 'FEEDBACK' is disabled.
2026-05-07 13:02:30 0 [Note] Server socket created on IP: '::'.
2026-05-07 13:02:30 0 [Note] Reading of all Master_info entries succeeded
2026-05-07 13:02:30 0 [Note] Added new Master_info '' to hash table
2026-05-07 13:02:30 0 [Note] mysql\bin\mysqld.exe: ready for connections.
Version: '10.4.28-MariaDB'  socket: ''  port: 3306  mariadb.org binary distribution
2026-05-07 13:02:31 0 [Note] InnoDB: Buffer pool(s) load completed at 260507 13:02:31
2026-05-07 16:08:13 0 [Note] mysql\bin\mysqld.exe (initiated by: unknown): Normal shutdown
2026-05-07 16:08:13 0 [Note] Event Scheduler: Purging the queue. 0 events
2026-05-07 16:08:13 0 [Note] InnoDB: FTS optimize thread exiting.
2026-05-07 16:08:13 0 [Note] InnoDB: Starting shutdown...
2026-05-07 16:08:13 0 [Note] InnoDB: Dumping buffer pool(s) to C:\moodle\server\mysql\data\ib_buffer_pool
2026-05-07 16:08:13 0 [Note] InnoDB: Buffer pool(s) dump completed at 260507 16:08:13
2026-05-07 16:08:14 0 [Note] InnoDB: Removed temporary tablespace data file: "ibtmp1"
2026-05-07 16:08:14 0 [Note] InnoDB: Shutdown completed; log sequence number 23944729; transaction id 43414
2026-05-07 16:08:14 0 [Note] mysql\bin\mysqld.exe: Shutdown complete

2026-05-10 21:27:22 0 [Note] Starting MariaDB 10.4.28-MariaDB source revision c8f2e9a5c0ac5905f28b050b7df5a9ffd914b7e7 as process 5648
2026-05-10 21:27:22 0 [Note] InnoDB: Mutexes and rw_locks use Windows interlocked functions
2026-05-10 21:27:22 0 [Note] InnoDB: Uses event mutexes
2026-05-10 21:27:22 0 [Note] InnoDB: Compressed tables use zlib 1.2.12
2026-05-10 21:27:22 0 [Note] InnoDB: Number of pools: 1
2026-05-10 21:27:22 0 [Note] InnoDB: Using SSE2 crc32 instructions
2026-05-10 21:27:22 0 [Note] InnoDB: Initializing buffer pool, total size = 256M, instances = 1, chunk size = 128M
2026-05-10 21:27:22 0 [Note] InnoDB: Completed initialization of buffer pool
2026-05-10 21:27:27 0 [ERROR] InnoDB: Operating system error number 3 in a file operation.
2026-05-10 21:27:27 0 [ERROR] InnoDB: The error means the system cannot find the path specified.
2026-05-10 21:27:27 0 [ERROR] InnoDB: If you are installing InnoDB, remember that you must create directories yourself, InnoDB does not create them.
2026-05-10 21:27:27 0 [ERROR] InnoDB: Cannot open datafile for read-only: '.\phpmyadmin\pma__bookmark.ibd' OS error: 203
2026-05-10 21:27:27 0 [ERROR] InnoDB: Operating system error number 203 in a file operation.
2026-05-10 21:27:27 0 [Note] InnoDB: Some operating system error numbers are described at https://mariadb.com/kb/en/library/operating-system-error-codes/
2026-05-10 21:27:27 0 [ERROR] InnoDB: Could not find a valid tablespace file for ``phpmyadmin`.`pma__bookmark``. Please refer to https://mariadb.com/kb/en/innodb-data-dictionary-troubleshooting/ for how to resolve the issue.
2026-05-10 21:27:27 0 [Warning] InnoDB: Ignoring tablespace for `phpmyadmin`.`pma__bookmark` because it could not be opened.
2026-05-10 21:27:27 0 [ERROR] InnoDB: Operating system error number 3 in a file operation.
2026-05-10 21:27:27 0 [ERROR] InnoDB: The error means the system cannot find the path specified.
2026-05-10 21:27:27 0 [ERROR] InnoDB: If you are installing InnoDB, remember that you must create directories yourself, InnoDB does not create them.
2026-05-10 21:27:27 0 [ERROR] InnoDB: Cannot open datafile for read-only: '.\phpmyadmin\pma__central_columns.ibd' OS error: 203
2026-05-10 21:27:27 0 [ERROR] InnoDB: Operating system error number 203 in a file operation.
2026-05-10 21:27:27 0 [Note] InnoDB: Some operating system error numbers are described at https://mariadb.com/kb/en/library/operating-system-error-codes/
2026-05-10 21:27:27 0 [ERROR] InnoDB: Could not find a valid tablespace file for ``phpmyadmin`.`pma__central_columns``. Please refer to https://mariadb.com/kb/en/innodb-data-dictionary-troubleshooting/ for how to resolve the issue.
2026-05-10 21:27:27 0 [Warning] InnoDB: Ignoring tablespace for `phpmyadmin`.`pma__central_columns` because it could not be opened.
2026-05-10 21:27:27 0 [ERROR] InnoDB: Operating system error number 3 in a file operation.
2026-05-10 21:27:27 0 [ERROR] InnoDB: The error means the system cannot find the path specified.
2026-05-10 21:27:27 0 [ERROR] InnoDB: If you are installing InnoDB, remember that you must create directories yourself, InnoDB does not create them.
2026-05-10 21:27:27 0 [ERROR] InnoDB: Cannot open datafile for read-only: '.\phpmyadmin\pma__column_info.ibd' OS error: 203
2026-05-10 21:27:27 0 [ERROR] InnoDB: Operating system error number 203 in a file operation.
2026-05-10 21:27:27 0 [Note] InnoDB: Some operating system error numbers are described at https://mariadb.com/kb/en/library/operating-system-error-codes/
2026-05-10 21:27:27 0 [ERROR] InnoDB: Could not find a valid tablespace file for ``phpmyadmin`.`pma__column_info``. Please refer to https://mariadb.com/kb/en/innodb-data-dictionary-troubleshooting/ for how to resolve the issue.
2026-05-10 21:27:27 0 [Warning] InnoDB: Ignoring tablespace for `phpmyadmin`.`pma__column_info` because it could not be opened.
2026-05-10 21:27:27 0 [ERROR] InnoDB: Operating system error number 3 in a file operation.
2026-05-10 21:27:27 0 [ERROR] InnoDB: The error means the system cannot find the path specified.
2026-05-10 21:27:27 0 [ERROR] InnoDB: If you are installing InnoDB, remember that you must create directories yourself, InnoDB does not create them.
2026-05-10 21:27:27 0 [ERROR] InnoDB: Cannot open datafile for read-only: '.\phpmyadmin\pma__designer_settings.ibd' OS error: 203
2026-05-10 21:27:27 0 [ERROR] InnoDB: Operating system error number 203 in a file operation.
2026-05-10 21:27:27 0 [Note] InnoDB: Some operating system error numbers are described at https://mariadb.com/kb/en/library/operating-system-error-codes/
2026-05-10 21:27:27 0 [ERROR] InnoDB: Could not find a valid tablespace file for ``phpmyadmin`.`pma__designer_settings``. Please refer to https://mariadb.com/kb/en/innodb-data-dictionary-troubleshooting/ for how to resolve the issue.
2026-05-10 21:27:27 0 [Warning] InnoDB: Ignoring tablespace for `phpmyadmin`.`pma__designer_settings` because it could not be opened.
2026-05-10 21:27:27 0 [ERROR] InnoDB: Operating system error number 3 in a file operation.
2026-05-10 21:27:27 0 [ERROR] InnoDB: The error means the system cannot find the path specified.
2026-05-10 21:27:27 0 [ERROR] InnoDB: If you are installing InnoDB, remember that you must create directories yourself, InnoDB does not create them.
2026-05-10 21:27:27 0 [ERROR] InnoDB: Cannot open datafile for read-only: '.\phpmyadmin\pma__export_templates.ibd' OS error: 203
2026-05-10 21:27:27 0 [ERROR] InnoDB: Operating system error number 203 in a file operation.
2026-05-10 21:27:27 0 [Note] InnoDB: Some operating system error numbers are described at https://mariadb.com/kb/en/library/operating-system-error-codes/
2026-05-10 21:27:27 0 [ERROR] InnoDB: Could not find a valid tablespace file for ``phpmyadmin`.`pma__export_templates``. Please refer to https://mariadb.com/kb/en/innodb-data-dictionary-troubleshooting/ for how to resolve the issue.
2026-05-10 21:27:27 0 [Warning] InnoDB: Ignoring tablespace for `phpmyadmin`.`pma__export_templates` because it could not be opened.
2026-05-10 21:27:27 0 [ERROR] InnoDB: Operating system error number 3 in a file operation.
2026-05-10 21:27:27 0 [ERROR] InnoDB: The error means the system cannot find the path specified.
2026-05-10 21:27:27 0 [ERROR] InnoDB: If you are installing InnoDB, remember that you must create directories yourself, InnoDB does not create them.
2026-05-10 21:27:27 0 [ERROR] InnoDB: Cannot open datafile for read-only: '.\phpmyadmin\pma__favorite.ibd' OS error: 203
2026-05-10 21:27:27 0 [ERROR] InnoDB: Operating system error number 203 in a file operation.
2026-05-10 21:27:27 0 [Note] InnoDB: Some operating system error numbers are described at https://mariadb.com/kb/en/library/operating-system-error-codes/
2026-05-10 21:27:27 0 [ERROR] InnoDB: Could not find a valid tablespace file for ``phpmyadmin`.`pma__favorite``. Please refer to https://mariadb.com/kb/en/innodb-data-dictionary-troubleshooting/ for how to resolve the issue.
2026-05-10 21:27:27 0 [Warning] InnoDB: Ignoring tablespace for `phpmyadmin`.`pma__favorite` because it could not be opened.
2026-05-10 21:27:27 0 [ERROR] InnoDB: Operating system error number 3 in a file operation.
2026-05-10 21:27:27 0 [ERROR] InnoDB: The error means the system cannot find the path specified.
2026-05-10 21:27:27 0 [ERROR] InnoDB: If you are installing InnoDB, remember that you must create directories yourself, InnoDB does not create them.
2026-05-10 21:27:27 0 [ERROR] InnoDB: Cannot open datafile for read-only: '.\phpmyadmin\pma__history.ibd' OS error: 203
2026-05-10 21:27:27 0 [ERROR] InnoDB: Operating system error number 203 in a file operation.
2026-05-10 21:27:27 0 [Note] InnoDB: Some operating system error numbers are described at https://mariadb.com/kb/en/library/operating-system-error-codes/
2026-05-10 21:27:27 0 [ERROR] InnoDB: Could not find a valid tablespace file for ``phpmyadmin`.`pma__history``. Please refer to https://mariadb.com/kb/en/innodb-data-dictionary-troubleshooting/ for how to resolve the issue.
2026-05-10 21:27:27 0 [Warning] InnoDB: Ignoring tablespace for `phpmyadmin`.`pma__history` because it could not be opened.
2026-05-10 21:27:27 0 [ERROR] InnoDB: Operating system error number 3 in a file operation.
2026-05-10 21:27:27 0 [ERROR] InnoDB: The error means the system cannot find the path specified.
2026-05-10 21:27:27 0 [ERROR] InnoDB: If you are installing InnoDB, remember that you must create directories yourself, InnoDB does not create them.
2026-05-10 21:27:27 0 [ERROR] InnoDB: Cannot open datafile for read-only: '.\phpmyadmin\pma__navigationhiding.ibd' OS error: 203
2026-05-10 21:27:27 0 [ERROR] InnoDB: Operating system error number 203 in a file operation.
2026-05-10 21:27:27 0 [Note] InnoDB: Some operating system error numbers are described at https://mariadb.com/kb/en/library/operating-system-error-codes/
2026-05-10 21:27:27 0 [ERROR] InnoDB: Could not find a valid tablespace file for ``phpmyadmin`.`pma__navigationhiding``. Please refer to https://mariadb.com/kb/en/innodb-data-dictionary-troubleshooting/ for how to resolve the issue.
2026-05-10 21:27:27 0 [Warning] InnoDB: Ignoring tablespace for `phpmyadmin`.`pma__navigationhiding` because it could not be opened.
2026-05-10 21:27:27 0 [ERROR] InnoDB: Operating system error number 3 in a file operation.
2026-05-10 21:27:27 0 [ERROR] InnoDB: The error means the system cannot find the path specified.
2026-05-10 21:27:27 0 [ERROR] InnoDB: If you are installing InnoDB, remember that you must create directories yourself, InnoDB does not create them.
2026-05-10 21:27:27 0 [ERROR] InnoDB: Cannot open datafile for read-only: '.\phpmyadmin\pma__pdf_pages.ibd' OS error: 203
2026-05-10 21:27:27 0 [ERROR] InnoDB: Operating system error number 203 in a file operation.
2026-05-10 21:27:27 0 [Note] InnoDB: Some operating system error numbers are described at https://mariadb.com/kb/en/library/operating-system-error-codes/
2026-05-10 21:27:27 0 [ERROR] InnoDB: Could not find a valid tablespace file for ``phpmyadmin`.`pma__pdf_pages``. Please refer to https://mariadb.com/kb/en/innodb-data-dictionary-troubleshooting/ for how to resolve the issue.
2026-05-10 21:27:27 0 [Warning] InnoDB: Ignoring tablespace for `phpmyadmin`.`pma__pdf_pages` because it could not be opened.
2026-05-10 21:27:27 0 [ERROR] InnoDB: Operating system error number 3 in a file operation.
2026-05-10 21:27:27 0 [ERROR] InnoDB: The error means the system cannot find the path specified.
2026-05-10 21:27:27 0 [ERROR] InnoDB: If you are installing InnoDB, remember that you must create directories yourself, InnoDB does not create them.
2026-05-10 21:27:27 0 [ERROR] InnoDB: Cannot open datafile for read-only: '.\phpmyadmin\pma__recent.ibd' OS error: 203
2026-05-10 21:27:27 0 [ERROR] InnoDB: Operating system error number 203 in a file operation.
2026-05-10 21:27:27 0 [Note] InnoDB: Some operating system error numbers are described at https://mariadb.com/kb/en/library/operating-system-error-codes/
2026-05-10 21:27:27 0 [ERROR] InnoDB: Could not find a valid tablespace file for ``phpmyadmin`.`pma__recent``. Please refer to https://mariadb.com/kb/en/innodb-data-dictionary-troubleshooting/ for how to resolve the issue.
2026-05-10 21:27:27 0 [Warning] InnoDB: Ignoring tablespace for `phpmyadmin`.`pma__recent` because it could not be opened.
2026-05-10 21:27:27 0 [ERROR] InnoDB: Operating system error number 3 in a file operation.
2026-05-10 21:27:27 0 [ERROR] InnoDB: The error means the system cannot find the path specified.
2026-05-10 21:27:27 0 [ERROR] InnoDB: If you are installing InnoDB, remember that you must create directories yourself, InnoDB does not create them.
2026-05-10 21:27:27 0 [ERROR] InnoDB: Cannot open datafile for read-only: '.\phpmyadmin\pma__relation.ibd' OS error: 203
2026-05-10 21:27:27 0 [ERROR] InnoDB: Operating system error number 203 in a file operation.
2026-05-10 21:27:27 0 [Note] InnoDB: Some operating system error numbers are described at https://mariadb.com/kb/en/library/operating-system-error-codes/
2026-05-10 21:27:27 0 [ERROR] InnoDB: Could not find a valid tablespace file for ``phpmyadmin`.`pma__relation``. Please refer to https://mariadb.com/kb/en/innodb-data-dictionary-troubleshooting/ for how to resolve the issue.
2026-05-10 21:27:27 0 [Warning] InnoDB: Ignoring tablespace for `phpmyadmin`.`pma__relation` because it could not be opened.
2026-05-10 21:27:27 0 [ERROR] InnoDB: Operating system error number 3 in a file operation.
2026-05-10 21:27:27 0 [ERROR] InnoDB: The error means the system cannot find the path specified.
2026-05-10 21:27:27 0 [ERROR] InnoDB: If you are installing InnoDB, remember that you must create directories yourself, InnoDB does not create them.
2026-05-10 21:27:27 0 [ERROR] InnoDB: Cannot open datafile for read-only: '.\phpmyadmin\pma__savedsearches.ibd' OS error: 203
2026-05-10 21:27:27 0 [ERROR] InnoDB: Operating system error number 203 in a file operation.
2026-05-10 21:27:27 0 [Note] InnoDB: Some operating system error numbers are described at https://mariadb.com/kb/en/library/operating-system-error-codes/
2026-05-10 21:27:27 0 [ERROR] InnoDB: Could not find a valid tablespace file for ``phpmyadmin`.`pma__savedsearches``. Please refer to https://mariadb.com/kb/en/innodb-data-dictionary-troubleshooting/ for how to resolve the issue.
2026-05-10 21:27:27 0 [Warning] InnoDB: Ignoring tablespace for `phpmyadmin`.`pma__savedsearches` because it could not be opened.
2026-05-10 21:27:27 0 [ERROR] InnoDB: Operating system error number 3 in a file operation.
2026-05-10 21:27:27 0 [ERROR] InnoDB: The error means the system cannot find the path specified.
2026-05-10 21:27:27 0 [ERROR] InnoDB: If you are installing InnoDB, remember that you must create directories yourself, InnoDB does not create them.
2026-05-10 21:27:27 0 [ERROR] InnoDB: Cannot open datafile for read-only: '.\phpmyadmin\pma__table_coords.ibd' OS error: 203
2026-05-10 21:27:27 0 [ERROR] InnoDB: Operating system error number 203 in a file operation.
2026-05-10 21:27:27 0 [Note] InnoDB: Some operating system error numbers are described at https://mariadb.com/kb/en/library/operating-system-error-codes/
2026-05-10 21:27:27 0 [ERROR] InnoDB: Could not find a valid tablespace file for ``phpmyadmin`.`pma__table_coords``. Please refer to https://mariadb.com/kb/en/innodb-data-dictionary-troubleshooting/ for how to resolve the issue.
2026-05-10 21:27:27 0 [Warning] InnoDB: Ignoring tablespace for `phpmyadmin`.`pma__table_coords` because it could not be opened.
2026-05-10 21:27:27 0 [ERROR] InnoDB: Operating system error number 3 in a file operation.
2026-05-10 21:27:27 0 [ERROR] InnoDB: The error means the system cannot find the path specified.
2026-05-10 21:27:27 0 [ERROR] InnoDB: If you are installing InnoDB, remember that you must create directories yourself, InnoDB does not create them.
2026-05-10 21:27:27 0 [ERROR] InnoDB: Cannot open datafile for read-only: '.\phpmyadmin\pma__table_info.ibd' OS error: 203
2026-05-10 21:27:27 0 [ERROR] InnoDB: Operating system error number 203 in a file operation.
2026-05-10 21:27:27 0 [Note] InnoDB: Some operating system error numbers are described at https://mariadb.com/kb/en/library/operating-system-error-codes/
2026-05-10 21:27:27 0 [ERROR] InnoDB: Could not find a valid tablespace file for ``phpmyadmin`.`pma__table_info``. Please refer to https://mariadb.com/kb/en/innodb-data-dictionary-troubleshooting/ for how to resolve the issue.
2026-05-10 21:27:27 0 [Warning] InnoDB: Ignoring tablespace for `phpmyadmin`.`pma__table_info` because it could not be opened.
2026-05-10 21:27:27 0 [ERROR] InnoDB: Operating system error number 3 in a file operation.
2026-05-10 21:27:27 0 [ERROR] InnoDB: The error means the system cannot find the path specified.
2026-05-10 21:27:27 0 [ERROR] InnoDB: If you are installing InnoDB, remember that you must create directories yourself, InnoDB does not create them.
2026-05-10 21:27:27 0 [ERROR] InnoDB: Cannot open datafile for read-only: '.\phpmyadmin\pma__table_uiprefs.ibd' OS error: 203
2026-05-10 21:27:27 0 [ERROR] InnoDB: Operating system error number 203 in a file operation.
2026-05-10 21:27:27 0 [Note] InnoDB: Some operating system error numbers are described at https://mariadb.com/kb/en/library/operating-system-error-codes/
2026-05-10 21:27:27 0 [ERROR] InnoDB: Could not find a valid tablespace file for ``phpmyadmin`.`pma__table_uiprefs``. Please refer to https://mariadb.com/kb/en/innodb-data-dictionary-troubleshooting/ for how to resolve the issue.
2026-05-10 21:27:27 0 [Warning] InnoDB: Ignoring tablespace for `phpmyadmin`.`pma__table_uiprefs` because it could not be opened.
2026-05-10 21:27:27 0 [ERROR] InnoDB: Operating system error number 3 in a file operation.
2026-05-10 21:27:27 0 [ERROR] InnoDB: The error means the system cannot find the path specified.
2026-05-10 21:27:27 0 [ERROR] InnoDB: If you are installing InnoDB, remember that you must create directories yourself, InnoDB does not create them.
2026-05-10 21:27:27 0 [ERROR] InnoDB: Cannot open datafile for read-only: '.\phpmyadmin\pma__tracking.ibd' OS error: 203
2026-05-10 21:27:27 0 [ERROR] InnoDB: Operating system error number 203 in a file operation.
2026-05-10 21:27:27 0 [Note] InnoDB: Some operating system error numbers are described at https://mariadb.com/kb/en/library/operating-system-error-codes/
2026-05-10 21:27:27 0 [ERROR] InnoDB: Could not find a valid tablespace file for ``phpmyadmin`.`pma__tracking``. Please refer to https://mariadb.com/kb/en/innodb-data-dictionary-troubleshooting/ for how to resolve the issue.
2026-05-10 21:27:27 0 [Warning] InnoDB: Ignoring tablespace for `phpmyadmin`.`pma__tracking` because it could not be opened.
2026-05-10 21:27:27 0 [ERROR] InnoDB: Operating system error number 3 in a file operation.
2026-05-10 21:27:27 0 [ERROR] InnoDB: The error means the system cannot find the path specified.
2026-05-10 21:27:27 0 [ERROR] InnoDB: If you are installing InnoDB, remember that you must create directories yourself, InnoDB does not create them.
2026-05-10 21:27:27 0 [ERROR] InnoDB: Cannot open datafile for read-only: '.\phpmyadmin\pma__userconfig.ibd' OS error: 203
2026-05-10 21:27:27 0 [ERROR] InnoDB: Operating system error number 203 in a file operation.
2026-05-10 21:27:27 0 [Note] InnoDB: Some operating system error numbers are described at https://mariadb.com/kb/en/library/operating-system-error-codes/
2026-05-10 21:27:27 0 [ERROR] InnoDB: Could not find a valid tablespace file for ``phpmyadmin`.`pma__userconfig``. Please refer to https://mariadb.com/kb/en/innodb-data-dictionary-troubleshooting/ for how to resolve the issue.
2026-05-10 21:27:27 0 [Warning] InnoDB: Ignoring tablespace for `phpmyadmin`.`pma__userconfig` because it could not be opened.
2026-05-10 21:27:27 0 [ERROR] InnoDB: Operating system error number 3 in a file operation.
2026-05-10 21:27:27 0 [ERROR] InnoDB: The error means the system cannot find the path specified.
2026-05-10 21:27:27 0 [ERROR] InnoDB: If you are installing InnoDB, remember that you must create directories yourself, InnoDB does not create them.
2026-05-10 21:27:27 0 [ERROR] InnoDB: Cannot open datafile for read-only: '.\phpmyadmin\pma__usergroups.ibd' OS error: 203
2026-05-10 21:27:27 0 [ERROR] InnoDB: Operating system error number 203 in a file operation.
2026-05-10 21:27:27 0 [Note] InnoDB: Some operating system error numbers are described at https://mariadb.com/kb/en/library/operating-system-error-codes/
2026-05-10 21:27:27 0 [ERROR] InnoDB: Could not find a valid tablespace file for ``phpmyadmin`.`pma__usergroups``. Please refer to https://mariadb.com/kb/en/innodb-data-dictionary-troubleshooting/ for how to resolve the issue.
2026-05-10 21:27:27 0 [Warning] InnoDB: Ignoring tablespace for `phpmyadmin`.`pma__usergroups` because it could not be opened.
2026-05-10 21:27:27 0 [ERROR] InnoDB: Operating system error number 3 in a file operation.
2026-05-10 21:27:27 0 [ERROR] InnoDB: The error means the system cannot find the path specified.
2026-05-10 21:27:27 0 [ERROR] InnoDB: If you are installing InnoDB, remember that you must create directories yourself, InnoDB does not create them.
2026-05-10 21:27:27 0 [ERROR] InnoDB: Cannot open datafile for read-only: '.\phpmyadmin\pma__users.ibd' OS error: 203
2026-05-10 21:27:27 0 [ERROR] InnoDB: Operating system error number 203 in a file operation.
2026-05-10 21:27:27 0 [Note] InnoDB: Some operating system error numbers are described at https://mariadb.com/kb/en/library/operating-system-error-codes/
2026-05-10 21:27:27 0 [ERROR] InnoDB: Could not find a valid tablespace file for ``phpmyadmin`.`pma__users``. Please refer to https://mariadb.com/kb/en/innodb-data-dictionary-troubleshooting/ for how to resolve the issue.
2026-05-10 21:27:27 0 [Warning] InnoDB: Ignoring tablespace for `phpmyadmin`.`pma__users` because it could not be opened.
2026-05-10 21:27:27 0 [Note] InnoDB: 128 out of 128 rollback segments are active.
2026-05-10 21:27:27 0 [Note] InnoDB: Creating shared tablespace for temporary tables
2026-05-10 21:27:27 0 [Note] InnoDB: Setting file 'C:\moodle\server\mysql\data\ibtmp1' size to 12 MB. Physically writing the file full; Please wait ...
2026-05-10 21:27:27 0 [Note] InnoDB: File 'C:\moodle\server\mysql\data\ibtmp1' size is now 12 MB.
2026-05-10 21:27:27 0 [Note] InnoDB: Waiting for purge to start
2026-05-10 21:27:27 0 [Note] InnoDB: 10.4.28 started; log sequence number 23944729; transaction id 43414
2026-05-10 21:27:27 0 [Note] InnoDB: Loading buffer pool(s) from C:\moodle\server\mysql\data\ib_buffer_pool
2026-05-10 21:27:27 0 [Note] Plugin 'FEEDBACK' is disabled.
2026-05-10 21:27:27 0 [Note] Server socket created on IP: '::'.
2026-05-10 21:27:27 0 [Note] Reading of all Master_info entries succeeded
2026-05-10 21:27:27 0 [Note] Added new Master_info '' to hash table
2026-05-10 21:27:27 0 [Note] mysql\bin\mysqld.exe: ready for connections.
Version: '10.4.28-MariaDB'  socket: ''  port: 3306  mariadb.org binary distribution
2026-05-10 21:27:28 0 [Note] InnoDB: Buffer pool(s) load completed at 260510 21:27:28
2026-05-10 21:30:43 0 [Note] mysql\bin\mysqld.exe (initiated by: unknown): Normal shutdown
2026-05-10 21:30:43 0 [Note] Event Scheduler: Purging the queue. 0 events
2026-05-10 21:30:43 0 [Note] InnoDB: FTS optimize thread exiting.
2026-05-10 21:30:44 0 [Note] InnoDB: Starting shutdown...
2026-05-10 21:30:44 0 [Note] InnoDB: Dumping buffer pool(s) to C:\moodle\server\mysql\data\ib_buffer_pool
2026-05-10 21:30:44 0 [Note] InnoDB: Buffer pool(s) dump completed at 260510 21:30:44
2026-05-10 21:30:45 0 [Note] InnoDB: Removed temporary tablespace data file: "ibtmp1"
2026-05-10 21:30:45 0 [Note] InnoDB: Shutdown completed; log sequence number 23955871; transaction id 43453
2026-05-10 21:30:45 0 [Note] mysql\bin\mysqld.exe: Shutdown complete

2026-05-12 11:32:48 0 [Note] Starting MariaDB 10.4.28-MariaDB source revision c8f2e9a5c0ac5905f28b050b7df5a9ffd914b7e7 as process 3752
2026-05-12 11:32:48 0 [Note] InnoDB: Mutexes and rw_locks use Windows interlocked functions
2026-05-12 11:32:48 0 [Note] InnoDB: Uses event mutexes
2026-05-12 11:32:48 0 [Note] InnoDB: Compressed tables use zlib 1.2.12
2026-05-12 11:32:48 0 [Note] InnoDB: Number of pools: 1
2026-05-12 11:32:48 0 [Note] InnoDB: Using SSE2 crc32 instructions
2026-05-12 11:32:48 0 [Note] InnoDB: Initializing buffer pool, total size = 256M, instances = 1, chunk size = 128M
2026-05-12 11:32:48 0 [Note] InnoDB: Completed initialization of buffer pool
2026-05-12 11:32:53 0 [ERROR] InnoDB: Operating system error number 3 in a file operation.
2026-05-12 11:32:53 0 [ERROR] InnoDB: The error means the system cannot find the path specified.
2026-05-12 11:32:53 0 [ERROR] InnoDB: If you are installing InnoDB, remember that you must create directories yourself, InnoDB does not create them.
2026-05-12 11:32:53 0 [ERROR] InnoDB: Cannot open datafile for read-only: '.\phpmyadmin\pma__bookmark.ibd' OS error: 203
2026-05-12 11:32:53 0 [ERROR] InnoDB: Operating system error number 203 in a file operation.
2026-05-12 11:32:53 0 [Note] InnoDB: Some operating system error numbers are described at https://mariadb.com/kb/en/library/operating-system-error-codes/
2026-05-12 11:32:53 0 [ERROR] InnoDB: Could not find a valid tablespace file for ``phpmyadmin`.`pma__bookmark``. Please refer to https://mariadb.com/kb/en/innodb-data-dictionary-troubleshooting/ for how to resolve the issue.
2026-05-12 11:32:53 0 [Warning] InnoDB: Ignoring tablespace for `phpmyadmin`.`pma__bookmark` because it could not be opened.
2026-05-12 11:32:53 0 [ERROR] InnoDB: Operating system error number 3 in a file operation.
2026-05-12 11:32:53 0 [ERROR] InnoDB: The error means the system cannot find the path specified.
2026-05-12 11:32:53 0 [ERROR] InnoDB: If you are installing InnoDB, remember that you must create directories yourself, InnoDB does not create them.
2026-05-12 11:32:53 0 [ERROR] InnoDB: Cannot open datafile for read-only: '.\phpmyadmin\pma__central_columns.ibd' OS error: 203
2026-05-12 11:32:53 0 [ERROR] InnoDB: Operating system error number 203 in a file operation.
2026-05-12 11:32:53 0 [Note] InnoDB: Some operating system error numbers are described at https://mariadb.com/kb/en/library/operating-system-error-codes/
2026-05-12 11:32:53 0 [ERROR] InnoDB: Could not find a valid tablespace file for ``phpmyadmin`.`pma__central_columns``. Please refer to https://mariadb.com/kb/en/innodb-data-dictionary-troubleshooting/ for how to resolve the issue.
2026-05-12 11:32:53 0 [Warning] InnoDB: Ignoring tablespace for `phpmyadmin`.`pma__central_columns` because it could not be opened.
2026-05-12 11:32:53 0 [ERROR] InnoDB: Operating system error number 3 in a file operation.
2026-05-12 11:32:53 0 [ERROR] InnoDB: The error means the system cannot find the path specified.
2026-05-12 11:32:53 0 [ERROR] InnoDB: If you are installing InnoDB, remember that you must create directories yourself, InnoDB does not create them.
2026-05-12 11:32:53 0 [ERROR] InnoDB: Cannot open datafile for read-only: '.\phpmyadmin\pma__column_info.ibd' OS error: 203
2026-05-12 11:32:53 0 [ERROR] InnoDB: Operating system error number 203 in a file operation.
2026-05-12 11:32:53 0 [Note] InnoDB: Some operating system error numbers are described at https://mariadb.com/kb/en/library/operating-system-error-codes/
2026-05-12 11:32:53 0 [ERROR] InnoDB: Could not find a valid tablespace file for ``phpmyadmin`.`pma__column_info``. Please refer to https://mariadb.com/kb/en/innodb-data-dictionary-troubleshooting/ for how to resolve the issue.
2026-05-12 11:32:53 0 [Warning] InnoDB: Ignoring tablespace for `phpmyadmin`.`pma__column_info` because it could not be opened.
2026-05-12 11:32:53 0 [ERROR] InnoDB: Operating system error number 3 in a file operation.
2026-05-12 11:32:53 0 [ERROR] InnoDB: The error means the system cannot find the path specified.
2026-05-12 11:32:53 0 [ERROR] InnoDB: If you are installing InnoDB, remember that you must create directories yourself, InnoDB does not create them.
2026-05-12 11:32:53 0 [ERROR] InnoDB: Cannot open datafile for read-only: '.\phpmyadmin\pma__designer_settings.ibd' OS error: 203
2026-05-12 11:32:53 0 [ERROR] InnoDB: Operating system error number 203 in a file operation.
2026-05-12 11:32:53 0 [Note] InnoDB: Some operating system error numbers are described at https://mariadb.com/kb/en/library/operating-system-error-codes/
2026-05-12 11:32:53 0 [ERROR] InnoDB: Could not find a valid tablespace file for ``phpmyadmin`.`pma__designer_settings``. Please refer to https://mariadb.com/kb/en/innodb-data-dictionary-troubleshooting/ for how to resolve the issue.
2026-05-12 11:32:53 0 [Warning] InnoDB: Ignoring tablespace for `phpmyadmin`.`pma__designer_settings` because it could not be opened.
2026-05-12 11:32:53 0 [ERROR] InnoDB: Operating system error number 3 in a file operation.
2026-05-12 11:32:53 0 [ERROR] InnoDB: The error means the system cannot find the path specified.
2026-05-12 11:32:53 0 [ERROR] InnoDB: If you are installing InnoDB, remember that you must create directories yourself, InnoDB does not create them.
2026-05-12 11:32:53 0 [ERROR] InnoDB: Cannot open datafile for read-only: '.\phpmyadmin\pma__export_templates.ibd' OS error: 203
2026-05-12 11:32:53 0 [ERROR] InnoDB: Operating system error number 203 in a file operation.
2026-05-12 11:32:53 0 [Note] InnoDB: Some operating system error numbers are described at https://mariadb.com/kb/en/library/operating-system-error-codes/
2026-05-12 11:32:53 0 [ERROR] InnoDB: Could not find a valid tablespace file for ``phpmyadmin`.`pma__export_templates``. Please refer to https://mariadb.com/kb/en/innodb-data-dictionary-troubleshooting/ for how to resolve the issue.
2026-05-12 11:32:53 0 [Warning] InnoDB: Ignoring tablespace for `phpmyadmin`.`pma__export_templates` because it could not be opened.
2026-05-12 11:32:53 0 [ERROR] InnoDB: Operating system error number 3 in a file operation.
2026-05-12 11:32:53 0 [ERROR] InnoDB: The error means the system cannot find the path specified.
2026-05-12 11:32:53 0 [ERROR] InnoDB: If you are installing InnoDB, remember that you must create directories yourself, InnoDB does not create them.
2026-05-12 11:32:53 0 [ERROR] InnoDB: Cannot open datafile for read-only: '.\phpmyadmin\pma__favorite.ibd' OS error: 203
2026-05-12 11:32:53 0 [ERROR] InnoDB: Operating system error number 203 in a file operation.
2026-05-12 11:32:53 0 [Note] InnoDB: Some operating system error numbers are described at https://mariadb.com/kb/en/library/operating-system-error-codes/
2026-05-12 11:32:53 0 [ERROR] InnoDB: Could not find a valid tablespace file for ``phpmyadmin`.`pma__favorite``. Please refer to https://mariadb.com/kb/en/innodb-data-dictionary-troubleshooting/ for how to resolve the issue.
2026-05-12 11:32:53 0 [Warning] InnoDB: Ignoring tablespace for `phpmyadmin`.`pma__favorite` because it could not be opened.
2026-05-12 11:32:53 0 [ERROR] InnoDB: Operating system error number 3 in a file operation.
2026-05-12 11:32:53 0 [ERROR] InnoDB: The error means the system cannot find the path specified.
2026-05-12 11:32:53 0 [ERROR] InnoDB: If you are installing InnoDB, remember that you must create directories yourself, InnoDB does not create them.
2026-05-12 11:32:53 0 [ERROR] InnoDB: Cannot open datafile for read-only: '.\phpmyadmin\pma__history.ibd' OS error: 203
2026-05-12 11:32:53 0 [ERROR] InnoDB: Operating system error number 203 in a file operation.
2026-05-12 11:32:53 0 [Note] InnoDB: Some operating system error numbers are described at https://mariadb.com/kb/en/library/operating-system-error-codes/
2026-05-12 11:32:53 0 [ERROR] InnoDB: Could not find a valid tablespace file for ``phpmyadmin`.`pma__history``. Please refer to https://mariadb.com/kb/en/innodb-data-dictionary-troubleshooting/ for how to resolve the issue.
2026-05-12 11:32:53 0 [Warning] InnoDB: Ignoring tablespace for `phpmyadmin`.`pma__history` because it could not be opened.
2026-05-12 11:32:53 0 [ERROR] InnoDB: Operating system error number 3 in a file operation.
2026-05-12 11:32:53 0 [ERROR] InnoDB: The error means the system cannot find the path specified.
2026-05-12 11:32:53 0 [ERROR] InnoDB: If you are installing InnoDB, remember that you must create directories yourself, InnoDB does not create them.
2026-05-12 11:32:53 0 [ERROR] InnoDB: Cannot open datafile for read-only: '.\phpmyadmin\pma__navigationhiding.ibd' OS error: 203
2026-05-12 11:32:53 0 [ERROR] InnoDB: Operating system error number 203 in a file operation.
2026-05-12 11:32:53 0 [Note] InnoDB: Some operating system error numbers are described at https://mariadb.com/kb/en/library/operating-system-error-codes/
2026-05-12 11:32:53 0 [ERROR] InnoDB: Could not find a valid tablespace file for ``phpmyadmin`.`pma__navigationhiding``. Please refer to https://mariadb.com/kb/en/innodb-data-dictionary-troubleshooting/ for how to resolve the issue.
2026-05-12 11:32:53 0 [Warning] InnoDB: Ignoring tablespace for `phpmyadmin`.`pma__navigationhiding` because it could not be opened.
2026-05-12 11:32:53 0 [ERROR] InnoDB: Operating system error number 3 in a file operation.
2026-05-12 11:32:53 0 [ERROR] InnoDB: The error means the system cannot find the path specified.
2026-05-12 11:32:53 0 [ERROR] InnoDB: If you are installing InnoDB, remember that you must create directories yourself, InnoDB does not create them.
2026-05-12 11:32:53 0 [ERROR] InnoDB: Cannot open datafile for read-only: '.\phpmyadmin\pma__pdf_pages.ibd' OS error: 203
2026-05-12 11:32:53 0 [ERROR] InnoDB: Operating system error number 203 in a file operation.
2026-05-12 11:32:53 0 [Note] InnoDB: Some operating system error numbers are described at https://mariadb.com/kb/en/library/operating-system-error-codes/
2026-05-12 11:32:53 0 [ERROR] InnoDB: Could not find a valid tablespace file for ``phpmyadmin`.`pma__pdf_pages``. Please refer to https://mariadb.com/kb/en/innodb-data-dictionary-troubleshooting/ for how to resolve the issue.
2026-05-12 11:32:53 0 [Warning] InnoDB: Ignoring tablespace for `phpmyadmin`.`pma__pdf_pages` because it could not be opened.
2026-05-12 11:32:53 0 [ERROR] InnoDB: Operating system error number 3 in a file operation.
2026-05-12 11:32:53 0 [ERROR] InnoDB: The error means the system cannot find the path specified.
2026-05-12 11:32:53 0 [ERROR] InnoDB: If you are installing InnoDB, remember that you must create directories yourself, InnoDB does not create them.
2026-05-12 11:32:53 0 [ERROR] InnoDB: Cannot open datafile for read-only: '.\phpmyadmin\pma__recent.ibd' OS error: 203
2026-05-12 11:32:53 0 [ERROR] InnoDB: Operating system error number 203 in a file operation.
2026-05-12 11:32:53 0 [Note] InnoDB: Some operating system error numbers are described at https://mariadb.com/kb/en/library/operating-system-error-codes/
2026-05-12 11:32:53 0 [ERROR] InnoDB: Could not find a valid tablespace file for ``phpmyadmin`.`pma__recent``. Please refer to https://mariadb.com/kb/en/innodb-data-dictionary-troubleshooting/ for how to resolve the issue.
2026-05-12 11:32:53 0 [Warning] InnoDB: Ignoring tablespace for `phpmyadmin`.`pma__recent` because it could not be opened.
2026-05-12 11:32:53 0 [ERROR] InnoDB: Operating system error number 3 in a file operation.
2026-05-12 11:32:53 0 [ERROR] InnoDB: The error means the system cannot find the path specified.
2026-05-12 11:32:53 0 [ERROR] InnoDB: If you are installing InnoDB, remember that you must create directories yourself, InnoDB does not create them.
2026-05-12 11:32:53 0 [ERROR] InnoDB: Cannot open datafile for read-only: '.\phpmyadmin\pma__relation.ibd' OS error: 203
2026-05-12 11:32:53 0 [ERROR] InnoDB: Operating system error number 203 in a file operation.
2026-05-12 11:32:53 0 [Note] InnoDB: Some operating system error numbers are described at https://mariadb.com/kb/en/library/operating-system-error-codes/
2026-05-12 11:32:53 0 [ERROR] InnoDB: Could not find a valid tablespace file for ``phpmyadmin`.`pma__relation``. Please refer to https://mariadb.com/kb/en/innodb-data-dictionary-troubleshooting/ for how to resolve the issue.
2026-05-12 11:32:53 0 [Warning] InnoDB: Ignoring tablespace for `phpmyadmin`.`pma__relation` because it could not be opened.
2026-05-12 11:32:53 0 [ERROR] InnoDB: Operating system error number 3 in a file operation.
2026-05-12 11:32:53 0 [ERROR] InnoDB: The error means the system cannot find the path specified.
2026-05-12 11:32:53 0 [ERROR] InnoDB: If you are installing InnoDB, remember that you must create directories yourself, InnoDB does not create them.
2026-05-12 11:32:53 0 [ERROR] InnoDB: Cannot open datafile for read-only: '.\phpmyadmin\pma__savedsearches.ibd' OS error: 203
2026-05-12 11:32:53 0 [ERROR] InnoDB: Operating system error number 203 in a file operation.
2026-05-12 11:32:53 0 [Note] InnoDB: Some operating system error numbers are described at https://mariadb.com/kb/en/library/operating-system-error-codes/
2026-05-12 11:32:53 0 [ERROR] InnoDB: Could not find a valid tablespace file for ``phpmyadmin`.`pma__savedsearches``. Please refer to https://mariadb.com/kb/en/innodb-data-dictionary-troubleshooting/ for how to resolve the issue.
2026-05-12 11:32:53 0 [Warning] InnoDB: Ignoring tablespace for `phpmyadmin`.`pma__savedsearches` because it could not be opened.
2026-05-12 11:32:53 0 [ERROR] InnoDB: Operating system error number 3 in a file operation.
2026-05-12 11:32:53 0 [ERROR] InnoDB: The error means the system cannot find the path specified.
2026-05-12 11:32:53 0 [ERROR] InnoDB: If you are installing InnoDB, remember that you must create directories yourself, InnoDB does not create them.
2026-05-12 11:32:53 0 [ERROR] InnoDB: Cannot open datafile for read-only: '.\phpmyadmin\pma__table_coords.ibd' OS error: 203
2026-05-12 11:32:53 0 [ERROR] InnoDB: Operating system error number 203 in a file operation.
2026-05-12 11:32:53 0 [Note] InnoDB: Some operating system error numbers are described at https://mariadb.com/kb/en/library/operating-system-error-codes/
2026-05-12 11:32:53 0 [ERROR] InnoDB: Could not find a valid tablespace file for ``phpmyadmin`.`pma__table_coords``. Please refer to https://mariadb.com/kb/en/innodb-data-dictionary-troubleshooting/ for how to resolve the issue.
2026-05-12 11:32:53 0 [Warning] InnoDB: Ignoring tablespace for `phpmyadmin`.`pma__table_coords` because it could not be opened.
2026-05-12 11:32:53 0 [ERROR] InnoDB: Operating system error number 3 in a file operation.
2026-05-12 11:32:53 0 [ERROR] InnoDB: The error means the system cannot find the path specified.
2026-05-12 11:32:53 0 [ERROR] InnoDB: If you are installing InnoDB, remember that you must create directories yourself, InnoDB does not create them.
2026-05-12 11:32:53 0 [ERROR] InnoDB: Cannot open datafile for read-only: '.\phpmyadmin\pma__table_info.ibd' OS error: 203
2026-05-12 11:32:53 0 [ERROR] InnoDB: Operating system error number 203 in a file operation.
2026-05-12 11:32:53 0 [Note] InnoDB: Some operating system error numbers are described at https://mariadb.com/kb/en/library/operating-system-error-codes/
2026-05-12 11:32:53 0 [ERROR] InnoDB: Could not find a valid tablespace file for ``phpmyadmin`.`pma__table_info``. Please refer to https://mariadb.com/kb/en/innodb-data-dictionary-troubleshooting/ for how to resolve the issue.
2026-05-12 11:32:53 0 [Warning] InnoDB: Ignoring tablespace for `phpmyadmin`.`pma__table_info` because it could not be opened.
2026-05-12 11:32:53 0 [ERROR] InnoDB: Operating system error number 3 in a file operation.
2026-05-12 11:32:53 0 [ERROR] InnoDB: The error means the system cannot find the path specified.
2026-05-12 11:32:53 0 [ERROR] InnoDB: If you are installing InnoDB, remember that you must create directories yourself, InnoDB does not create them.
2026-05-12 11:32:53 0 [ERROR] InnoDB: Cannot open datafile for read-only: '.\phpmyadmin\pma__table_uiprefs.ibd' OS error: 203
2026-05-12 11:32:53 0 [ERROR] InnoDB: Operating system error number 203 in a file operation.
2026-05-12 11:32:53 0 [Note] InnoDB: Some operating system error numbers are described at https://mariadb.com/kb/en/library/operating-system-error-codes/
2026-05-12 11:32:53 0 [ERROR] InnoDB: Could not find a valid tablespace file for ``phpmyadmin`.`pma__table_uiprefs``. Please refer to https://mariadb.com/kb/en/innodb-data-dictionary-troubleshooting/ for how to resolve the issue.
2026-05-12 11:32:53 0 [Warning] InnoDB: Ignoring tablespace for `phpmyadmin`.`pma__table_uiprefs` because it could not be opened.
2026-05-12 11:32:53 0 [ERROR] InnoDB: Operating system error number 3 in a file operation.
2026-05-12 11:32:53 0 [ERROR] InnoDB: The error means the system cannot find the path specified.
2026-05-12 11:32:53 0 [ERROR] InnoDB: If you are installing InnoDB, remember that you must create directories yourself, InnoDB does not create them.
2026-05-12 11:32:53 0 [ERROR] InnoDB: Cannot open datafile for read-only: '.\phpmyadmin\pma__tracking.ibd' OS error: 203
2026-05-12 11:32:53 0 [ERROR] InnoDB: Operating system error number 203 in a file operation.
2026-05-12 11:32:53 0 [Note] InnoDB: Some operating system error numbers are described at https://mariadb.com/kb/en/library/operating-system-error-codes/
2026-05-12 11:32:53 0 [ERROR] InnoDB: Could not find a valid tablespace file for ``phpmyadmin`.`pma__tracking``. Please refer to https://mariadb.com/kb/en/innodb-data-dictionary-troubleshooting/ for how to resolve the issue.
2026-05-12 11:32:53 0 [Warning] InnoDB: Ignoring tablespace for `phpmyadmin`.`pma__tracking` because it could not be opened.
2026-05-12 11:32:53 0 [ERROR] InnoDB: Operating system error number 3 in a file operation.
2026-05-12 11:32:53 0 [ERROR] InnoDB: The error means the system cannot find the path specified.
2026-05-12 11:32:53 0 [ERROR] InnoDB: If you are installing InnoDB, remember that you must create directories yourself, InnoDB does not create them.
2026-05-12 11:32:53 0 [ERROR] InnoDB: Cannot open datafile for read-only: '.\phpmyadmin\pma__userconfig.ibd' OS error: 203
2026-05-12 11:32:53 0 [ERROR] InnoDB: Operating system error number 203 in a file operation.
2026-05-12 11:32:53 0 [Note] InnoDB: Some operating system error numbers are described at https://mariadb.com/kb/en/library/operating-system-error-codes/
2026-05-12 11:32:53 0 [ERROR] InnoDB: Could not find a valid tablespace file for ``phpmyadmin`.`pma__userconfig``. Please refer to https://mariadb.com/kb/en/innodb-data-dictionary-troubleshooting/ for how to resolve the issue.
2026-05-12 11:32:53 0 [Warning] InnoDB: Ignoring tablespace for `phpmyadmin`.`pma__userconfig` because it could not be opened.
2026-05-12 11:32:53 0 [ERROR] InnoDB: Operating system error number 3 in a file operation.
2026-05-12 11:32:53 0 [ERROR] InnoDB: The error means the system cannot find the path specified.
2026-05-12 11:32:53 0 [ERROR] InnoDB: If you are installing InnoDB, remember that you must create directories yourself, InnoDB does not create them.
2026-05-12 11:32:53 0 [ERROR] InnoDB: Cannot open datafile for read-only: '.\phpmyadmin\pma__usergroups.ibd' OS error: 203
2026-05-12 11:32:53 0 [ERROR] InnoDB: Operating system error number 203 in a file operation.
2026-05-12 11:32:53 0 [Note] InnoDB: Some operating system error numbers are described at https://mariadb.com/kb/en/library/operating-system-error-codes/
2026-05-12 11:32:53 0 [ERROR] InnoDB: Could not find a valid tablespace file for ``phpmyadmin`.`pma__usergroups``. Please refer to https://mariadb.com/kb/en/innodb-data-dictionary-troubleshooting/ for how to resolve the issue.
2026-05-12 11:32:53 0 [Warning] InnoDB: Ignoring tablespace for `phpmyadmin`.`pma__usergroups` because it could not be opened.
2026-05-12 11:32:53 0 [ERROR] InnoDB: Operating system error number 3 in a file operation.
2026-05-12 11:32:53 0 [ERROR] InnoDB: The error means the system cannot find the path specified.
2026-05-12 11:32:53 0 [ERROR] InnoDB: If you are installing InnoDB, remember that you must create directories yourself, InnoDB does not create them.
2026-05-12 11:32:53 0 [ERROR] InnoDB: Cannot open datafile for read-only: '.\phpmyadmin\pma__users.ibd' OS error: 203
2026-05-12 11:32:53 0 [ERROR] InnoDB: Operating system error number 203 in a file operation.
2026-05-12 11:32:53 0 [Note] InnoDB: Some operating system error numbers are described at https://mariadb.com/kb/en/library/operating-system-error-codes/
2026-05-12 11:32:53 0 [ERROR] InnoDB: Could not find a valid tablespace file for ``phpmyadmin`.`pma__users``. Please refer to https://mariadb.com/kb/en/innodb-data-dictionary-troubleshooting/ for how to resolve the issue.
2026-05-12 11:32:53 0 [Warning] InnoDB: Ignoring tablespace for `phpmyadmin`.`pma__users` because it could not be opened.
2026-05-12 11:32:53 0 [Note] InnoDB: 128 out of 128 rollback segments are active.
2026-05-12 11:32:53 0 [Note] InnoDB: Creating shared tablespace for temporary tables
2026-05-12 11:32:53 0 [Note] InnoDB: Setting file 'C:\moodle\server\mysql\data\ibtmp1' size to 12 MB. Physically writing the file full; Please wait ...
2026-05-12 11:32:53 0 [Note] InnoDB: File 'C:\moodle\server\mysql\data\ibtmp1' size is now 12 MB.
2026-05-12 11:32:53 0 [Note] InnoDB: Waiting for purge to start
2026-05-12 11:32:53 0 [Note] InnoDB: 10.4.28 started; log sequence number 23955871; transaction id 43452
2026-05-12 11:32:53 0 [Note] Plugin 'FEEDBACK' is disabled.
2026-05-12 11:32:53 0 [Note] InnoDB: Loading buffer pool(s) from C:\moodle\server\mysql\data\ib_buffer_pool
2026-05-12 11:32:53 0 [Note] Server socket created on IP: '::'.
2026-05-12 11:32:53 0 [Note] Reading of all Master_info entries succeeded
2026-05-12 11:32:53 0 [Note] Added new Master_info '' to hash table
2026-05-12 11:32:53 0 [Note] mysql\bin\mysqld.exe: ready for connections.
Version: '10.4.28-MariaDB'  socket: ''  port: 3306  mariadb.org binary distribution
2026-05-12 11:32:54 0 [Note] InnoDB: Buffer pool(s) load completed at 260512 11:32:54
2026-05-12 18:11:18 0 [Note] mysql\bin\mysqld.exe (initiated by: unknown): Normal shutdown
2026-05-12 18:11:18 0 [Note] Event Scheduler: Purging the queue. 0 events
2026-05-12 18:11:18 0 [Note] InnoDB: FTS optimize thread exiting.
2026-05-12 18:11:18 0 [Note] InnoDB: Starting shutdown...
2026-05-12 18:11:18 0 [Note] InnoDB: Dumping buffer pool(s) to C:\moodle\server\mysql\data\ib_buffer_pool
2026-05-12 18:11:18 0 [Note] InnoDB: Buffer pool(s) dump completed at 260512 18:11:18
2026-05-12 18:11:19 0 [Note] InnoDB: Removed temporary tablespace data file: "ibtmp1"
2026-05-12 18:11:19 0 [Note] InnoDB: Shutdown completed; log sequence number 31910433; transaction id 57977
2026-05-12 18:11:19 0 [Note] mysql\bin\mysqld.exe: Shutdown complete

2026-05-18 11:20:00 0 [Note] Starting MariaDB 10.4.28-MariaDB source revision c8f2e9a5c0ac5905f28b050b7df5a9ffd914b7e7 as process 424
2026-05-18 11:20:00 0 [Note] InnoDB: Mutexes and rw_locks use Windows interlocked functions
2026-05-18 11:20:00 0 [Note] InnoDB: Uses event mutexes
2026-05-18 11:20:00 0 [Note] InnoDB: Compressed tables use zlib 1.2.12
2026-05-18 11:20:00 0 [Note] InnoDB: Number of pools: 1
2026-05-18 11:20:00 0 [Note] InnoDB: Using SSE2 crc32 instructions
2026-05-18 11:20:00 0 [Note] InnoDB: Initializing buffer pool, total size = 256M, instances = 1, chunk size = 128M
2026-05-18 11:20:00 0 [Note] InnoDB: Completed initialization of buffer pool
2026-05-18 11:20:03 0 [ERROR] InnoDB: Operating system error number 3 in a file operation.
2026-05-18 11:20:03 0 [ERROR] InnoDB: The error means the system cannot find the path specified.
2026-05-18 11:20:03 0 [ERROR] InnoDB: If you are installing InnoDB, remember that you must create directories yourself, InnoDB does not create them.
2026-05-18 11:20:03 0 [ERROR] InnoDB: Cannot open datafile for read-only: '.\phpmyadmin\pma__bookmark.ibd' OS error: 203
2026-05-18 11:20:03 0 [ERROR] InnoDB: Operating system error number 203 in a file operation.
2026-05-18 11:20:03 0 [Note] InnoDB: Some operating system error numbers are described at https://mariadb.com/kb/en/library/operating-system-error-codes/
2026-05-18 11:20:03 0 [ERROR] InnoDB: Could not find a valid tablespace file for ``phpmyadmin`.`pma__bookmark``. Please refer to https://mariadb.com/kb/en/innodb-data-dictionary-troubleshooting/ for how to resolve the issue.
2026-05-18 11:20:03 0 [Warning] InnoDB: Ignoring tablespace for `phpmyadmin`.`pma__bookmark` because it could not be opened.
2026-05-18 11:20:03 0 [ERROR] InnoDB: Operating system error number 3 in a file operation.
2026-05-18 11:20:03 0 [ERROR] InnoDB: The error means the system cannot find the path specified.
2026-05-18 11:20:03 0 [ERROR] InnoDB: If you are installing InnoDB, remember that you must create directories yourself, InnoDB does not create them.
2026-05-18 11:20:03 0 [ERROR] InnoDB: Cannot open datafile for read-only: '.\phpmyadmin\pma__central_columns.ibd' OS error: 203
2026-05-18 11:20:03 0 [ERROR] InnoDB: Operating system error number 203 in a file operation.
2026-05-18 11:20:03 0 [Note] InnoDB: Some operating system error numbers are described at https://mariadb.com/kb/en/library/operating-system-error-codes/
2026-05-18 11:20:03 0 [ERROR] InnoDB: Could not find a valid tablespace file for ``phpmyadmin`.`pma__central_columns``. Please refer to https://mariadb.com/kb/en/innodb-data-dictionary-troubleshooting/ for how to resolve the issue.
2026-05-18 11:20:03 0 [Warning] InnoDB: Ignoring tablespace for `phpmyadmin`.`pma__central_columns` because it could not be opened.
2026-05-18 11:20:03 0 [ERROR] InnoDB: Operating system error number 3 in a file operation.
2026-05-18 11:20:03 0 [ERROR] InnoDB: The error means the system cannot find the path specified.
2026-05-18 11:20:03 0 [ERROR] InnoDB: If you are installing InnoDB, remember that you must create directories yourself, InnoDB does not create them.
2026-05-18 11:20:03 0 [ERROR] InnoDB: Cannot open datafile for read-only: '.\phpmyadmin\pma__column_info.ibd' OS error: 203
2026-05-18 11:20:03 0 [ERROR] InnoDB: Operating system error number 203 in a file operation.
2026-05-18 11:20:03 0 [Note] InnoDB: Some operating system error numbers are described at https://mariadb.com/kb/en/library/operating-system-error-codes/
2026-05-18 11:20:03 0 [ERROR] InnoDB: Could not find a valid tablespace file for ``phpmyadmin`.`pma__column_info``. Please refer to https://mariadb.com/kb/en/innodb-data-dictionary-troubleshooting/ for how to resolve the issue.
2026-05-18 11:20:03 0 [Warning] InnoDB: Ignoring tablespace for `phpmyadmin`.`pma__column_info` because it could not be opened.
2026-05-18 11:20:03 0 [ERROR] InnoDB: Operating system error number 3 in a file operation.
2026-05-18 11:20:03 0 [ERROR] InnoDB: The error means the system cannot find the path specified.
2026-05-18 11:20:03 0 [ERROR] InnoDB: If you are installing InnoDB, remember that you must create directories yourself, InnoDB does not create them.
2026-05-18 11:20:03 0 [ERROR] InnoDB: Cannot open datafile for read-only: '.\phpmyadmin\pma__designer_settings.ibd' OS error: 203
2026-05-18 11:20:03 0 [ERROR] InnoDB: Operating system error number 203 in a file operation.
2026-05-18 11:20:03 0 [Note] InnoDB: Some operating system error numbers are described at https://mariadb.com/kb/en/library/operating-system-error-codes/
2026-05-18 11:20:03 0 [ERROR] InnoDB: Could not find a valid tablespace file for ``phpmyadmin`.`pma__designer_settings``. Please refer to https://mariadb.com/kb/en/innodb-data-dictionary-troubleshooting/ for how to resolve the issue.
2026-05-18 11:20:03 0 [Warning] InnoDB: Ignoring tablespace for `phpmyadmin`.`pma__designer_settings` because it could not be opened.
2026-05-18 11:20:03 0 [ERROR] InnoDB: Operating system error number 3 in a file operation.
2026-05-18 11:20:03 0 [ERROR] InnoDB: The error means the system cannot find the path specified.
2026-05-18 11:20:03 0 [ERROR] InnoDB: If you are installing InnoDB, remember that you must create directories yourself, InnoDB does not create them.
2026-05-18 11:20:03 0 [ERROR] InnoDB: Cannot open datafile for read-only: '.\phpmyadmin\pma__export_templates.ibd' OS error: 203
2026-05-18 11:20:03 0 [ERROR] InnoDB: Operating system error number 203 in a file operation.
2026-05-18 11:20:03 0 [Note] InnoDB: Some operating system error numbers are described at https://mariadb.com/kb/en/library/operating-system-error-codes/
2026-05-18 11:20:03 0 [ERROR] InnoDB: Could not find a valid tablespace file for ``phpmyadmin`.`pma__export_templates``. Please refer to https://mariadb.com/kb/en/innodb-data-dictionary-troubleshooting/ for how to resolve the issue.
2026-05-18 11:20:03 0 [Warning] InnoDB: Ignoring tablespace for `phpmyadmin`.`pma__export_templates` because it could not be opened.
2026-05-18 11:20:03 0 [ERROR] InnoDB: Operating system error number 3 in a file operation.
2026-05-18 11:20:03 0 [ERROR] InnoDB: The error means the system cannot find the path specified.
2026-05-18 11:20:03 0 [ERROR] InnoDB: If you are installing InnoDB, remember that you must create directories yourself, InnoDB does not create them.
2026-05-18 11:20:03 0 [ERROR] InnoDB: Cannot open datafile for read-only: '.\phpmyadmin\pma__favorite.ibd' OS error: 203
2026-05-18 11:20:03 0 [ERROR] InnoDB: Operating system error number 203 in a file operation.
2026-05-18 11:20:03 0 [Note] InnoDB: Some operating system error numbers are described at https://mariadb.com/kb/en/library/operating-system-error-codes/
2026-05-18 11:20:03 0 [ERROR] InnoDB: Could not find a valid tablespace file for ``phpmyadmin`.`pma__favorite``. Please refer to https://mariadb.com/kb/en/innodb-data-dictionary-troubleshooting/ for how to resolve the issue.
2026-05-18 11:20:03 0 [Warning] InnoDB: Ignoring tablespace for `phpmyadmin`.`pma__favorite` because it could not be opened.
2026-05-18 11:20:03 0 [ERROR] InnoDB: Operating system error number 3 in a file operation.
2026-05-18 11:20:03 0 [ERROR] InnoDB: The error means the system cannot find the path specified.
2026-05-18 11:20:03 0 [ERROR] InnoDB: If you are installing InnoDB, remember that you must create directories yourself, InnoDB does not create them.
2026-05-18 11:20:03 0 [ERROR] InnoDB: Cannot open datafile for read-only: '.\phpmyadmin\pma__history.ibd' OS error: 203
2026-05-18 11:20:03 0 [ERROR] InnoDB: Operating system error number 203 in a file operation.
2026-05-18 11:20:03 0 [Note] InnoDB: Some operating system error numbers are described at https://mariadb.com/kb/en/library/operating-system-error-codes/
2026-05-18 11:20:03 0 [ERROR] InnoDB: Could not find a valid tablespace file for ``phpmyadmin`.`pma__history``. Please refer to https://mariadb.com/kb/en/innodb-data-dictionary-troubleshooting/ for how to resolve the issue.
2026-05-18 11:20:03 0 [Warning] InnoDB: Ignoring tablespace for `phpmyadmin`.`pma__history` because it could not be opened.
2026-05-18 11:20:03 0 [ERROR] InnoDB: Operating system error number 3 in a file operation.
2026-05-18 11:20:03 0 [ERROR] InnoDB: The error means the system cannot find the path specified.
2026-05-18 11:20:03 0 [ERROR] InnoDB: If you are installing InnoDB, remember that you must create directories yourself, InnoDB does not create them.
2026-05-18 11:20:03 0 [ERROR] InnoDB: Cannot open datafile for read-only: '.\phpmyadmin\pma__navigationhiding.ibd' OS error: 203
2026-05-18 11:20:03 0 [ERROR] InnoDB: Operating system error number 203 in a file operation.
2026-05-18 11:20:03 0 [Note] InnoDB: Some operating system error numbers are described at https://mariadb.com/kb/en/library/operating-system-error-codes/
2026-05-18 11:20:03 0 [ERROR] InnoDB: Could not find a valid tablespace file for ``phpmyadmin`.`pma__navigationhiding``. Please refer to https://mariadb.com/kb/en/innodb-data-dictionary-troubleshooting/ for how to resolve the issue.
2026-05-18 11:20:03 0 [Warning] InnoDB: Ignoring tablespace for `phpmyadmin`.`pma__navigationhiding` because it could not be opened.
2026-05-18 11:20:03 0 [ERROR] InnoDB: Operating system error number 3 in a file operation.
2026-05-18 11:20:03 0 [ERROR] InnoDB: The error means the system cannot find the path specified.
2026-05-18 11:20:03 0 [ERROR] InnoDB: If you are installing InnoDB, remember that you must create directories yourself, InnoDB does not create them.
2026-05-18 11:20:03 0 [ERROR] InnoDB: Cannot open datafile for read-only: '.\phpmyadmin\pma__pdf_pages.ibd' OS error: 203
2026-05-18 11:20:03 0 [ERROR] InnoDB: Operating system error number 203 in a file operation.
2026-05-18 11:20:03 0 [Note] InnoDB: Some operating system error numbers are described at https://mariadb.com/kb/en/library/operating-system-error-codes/
2026-05-18 11:20:03 0 [ERROR] InnoDB: Could not find a valid tablespace file for ``phpmyadmin`.`pma__pdf_pages``. Please refer to https://mariadb.com/kb/en/innodb-data-dictionary-troubleshooting/ for how to resolve the issue.
2026-05-18 11:20:03 0 [Warning] InnoDB: Ignoring tablespace for `phpmyadmin`.`pma__pdf_pages` because it could not be opened.
2026-05-18 11:20:03 0 [ERROR] InnoDB: Operating system error number 3 in a file operation.
2026-05-18 11:20:03 0 [ERROR] InnoDB: The error means the system cannot find the path specified.
2026-05-18 11:20:03 0 [ERROR] InnoDB: If you are installing InnoDB, remember that you must create directories yourself, InnoDB does not create them.
2026-05-18 11:20:03 0 [ERROR] InnoDB: Cannot open datafile for read-only: '.\phpmyadmin\pma__recent.ibd' OS error: 203
2026-05-18 11:20:03 0 [ERROR] InnoDB: Operating system error number 203 in a file operation.
2026-05-18 11:20:03 0 [Note] InnoDB: Some operating system error numbers are described at https://mariadb.com/kb/en/library/operating-system-error-codes/
2026-05-18 11:20:03 0 [ERROR] InnoDB: Could not find a valid tablespace file for ``phpmyadmin`.`pma__recent``. Please refer to https://mariadb.com/kb/en/innodb-data-dictionary-troubleshooting/ for how to resolve the issue.
2026-05-18 11:20:03 0 [Warning] InnoDB: Ignoring tablespace for `phpmyadmin`.`pma__recent` because it could not be opened.
2026-05-18 11:20:03 0 [ERROR] InnoDB: Operating system error number 3 in a file operation.
2026-05-18 11:20:03 0 [ERROR] InnoDB: The error means the system cannot find the path specified.
2026-05-18 11:20:03 0 [ERROR] InnoDB: If you are installing InnoDB, remember that you must create directories yourself, InnoDB does not create them.
2026-05-18 11:20:03 0 [ERROR] InnoDB: Cannot open datafile for read-only: '.\phpmyadmin\pma__relation.ibd' OS error: 203
2026-05-18 11:20:03 0 [ERROR] InnoDB: Operating system error number 203 in a file operation.
2026-05-18 11:20:03 0 [Note] InnoDB: Some operating system error numbers are described at https://mariadb.com/kb/en/library/operating-system-error-codes/
2026-05-18 11:20:03 0 [ERROR] InnoDB: Could not find a valid tablespace file for ``phpmyadmin`.`pma__relation``. Please refer to https://mariadb.com/kb/en/innodb-data-dictionary-troubleshooting/ for how to resolve the issue.
2026-05-18 11:20:03 0 [Warning] InnoDB: Ignoring tablespace for `phpmyadmin`.`pma__relation` because it could not be opened.
2026-05-18 11:20:03 0 [ERROR] InnoDB: Operating system error number 3 in a file operation.
2026-05-18 11:20:03 0 [ERROR] InnoDB: The error means the system cannot find the path specified.
2026-05-18 11:20:03 0 [ERROR] InnoDB: If you are installing InnoDB, remember that you must create directories yourself, InnoDB does not create them.
2026-05-18 11:20:03 0 [ERROR] InnoDB: Cannot open datafile for read-only: '.\phpmyadmin\pma__savedsearches.ibd' OS error: 203
2026-05-18 11:20:03 0 [ERROR] InnoDB: Operating system error number 203 in a file operation.
2026-05-18 11:20:03 0 [Note] InnoDB: Some operating system error numbers are described at https://mariadb.com/kb/en/library/operating-system-error-codes/
2026-05-18 11:20:03 0 [ERROR] InnoDB: Could not find a valid tablespace file for ``phpmyadmin`.`pma__savedsearches``. Please refer to https://mariadb.com/kb/en/innodb-data-dictionary-troubleshooting/ for how to resolve the issue.
2026-05-18 11:20:03 0 [Warning] InnoDB: Ignoring tablespace for `phpmyadmin`.`pma__savedsearches` because it could not be opened.
2026-05-18 11:20:03 0 [ERROR] InnoDB: Operating system error number 3 in a file operation.
2026-05-18 11:20:03 0 [ERROR] InnoDB: The error means the system cannot find the path specified.
2026-05-18 11:20:03 0 [ERROR] InnoDB: If you are installing InnoDB, remember that you must create directories yourself, InnoDB does not create them.
2026-05-18 11:20:03 0 [ERROR] InnoDB: Cannot open datafile for read-only: '.\phpmyadmin\pma__table_coords.ibd' OS error: 203
2026-05-18 11:20:03 0 [ERROR] InnoDB: Operating system error number 203 in a file operation.
2026-05-18 11:20:03 0 [Note] InnoDB: Some operating system error numbers are described at https://mariadb.com/kb/en/library/operating-system-error-codes/
2026-05-18 11:20:03 0 [ERROR] InnoDB: Could not find a valid tablespace file for ``phpmyadmin`.`pma__table_coords``. Please refer to https://mariadb.com/kb/en/innodb-data-dictionary-troubleshooting/ for how to resolve the issue.
2026-05-18 11:20:03 0 [Warning] InnoDB: Ignoring tablespace for `phpmyadmin`.`pma__table_coords` because it could not be opened.
2026-05-18 11:20:03 0 [ERROR] InnoDB: Operating system error number 3 in a file operation.
2026-05-18 11:20:03 0 [ERROR] InnoDB: The error means the system cannot find the path specified.
2026-05-18 11:20:03 0 [ERROR] InnoDB: If you are installing InnoDB, remember that you must create directories yourself, InnoDB does not create them.
2026-05-18 11:20:03 0 [ERROR] InnoDB: Cannot open datafile for read-only: '.\phpmyadmin\pma__table_info.ibd' OS error: 203
2026-05-18 11:20:03 0 [ERROR] InnoDB: Operating system error number 203 in a file operation.
2026-05-18 11:20:03 0 [Note] InnoDB: Some operating system error numbers are described at https://mariadb.com/kb/en/library/operating-system-error-codes/
2026-05-18 11:20:03 0 [ERROR] InnoDB: Could not find a valid tablespace file for ``phpmyadmin`.`pma__table_info``. Please refer to https://mariadb.com/kb/en/innodb-data-dictionary-troubleshooting/ for how to resolve the issue.
2026-05-18 11:20:03 0 [Warning] InnoDB: Ignoring tablespace for `phpmyadmin`.`pma__table_info` because it could not be opened.
2026-05-18 11:20:03 0 [ERROR] InnoDB: Operating system error number 3 in a file operation.
2026-05-18 11:20:03 0 [ERROR] InnoDB: The error means the system cannot find the path specified.
2026-05-18 11:20:03 0 [ERROR] InnoDB: If you are installing InnoDB, remember that you must create directories yourself, InnoDB does not create them.
2026-05-18 11:20:03 0 [ERROR] InnoDB: Cannot open datafile for read-only: '.\phpmyadmin\pma__table_uiprefs.ibd' OS error: 203
2026-05-18 11:20:03 0 [ERROR] InnoDB: Operating system error number 203 in a file operation.
2026-05-18 11:20:03 0 [Note] InnoDB: Some operating system error numbers are described at https://mariadb.com/kb/en/library/operating-system-error-codes/
2026-05-18 11:20:03 0 [ERROR] InnoDB: Could not find a valid tablespace file for ``phpmyadmin`.`pma__table_uiprefs``. Please refer to https://mariadb.com/kb/en/innodb-data-dictionary-troubleshooting/ for how to resolve the issue.
2026-05-18 11:20:03 0 [Warning] InnoDB: Ignoring tablespace for `phpmyadmin`.`pma__table_uiprefs` because it could not be opened.
2026-05-18 11:20:03 0 [ERROR] InnoDB: Operating system error number 3 in a file operation.
2026-05-18 11:20:03 0 [ERROR] InnoDB: The error means the system cannot find the path specified.
2026-05-18 11:20:03 0 [ERROR] InnoDB: If you are installing InnoDB, remember that you must create directories yourself, InnoDB does not create them.
2026-05-18 11:20:03 0 [ERROR] InnoDB: Cannot open datafile for read-only: '.\phpmyadmin\pma__tracking.ibd' OS error: 203
2026-05-18 11:20:03 0 [ERROR] InnoDB: Operating system error number 203 in a file operation.
2026-05-18 11:20:03 0 [Note] InnoDB: Some operating system error numbers are described at https://mariadb.com/kb/en/library/operating-system-error-codes/
2026-05-18 11:20:03 0 [ERROR] InnoDB: Could not find a valid tablespace file for ``phpmyadmin`.`pma__tracking``. Please refer to https://mariadb.com/kb/en/innodb-data-dictionary-troubleshooting/ for how to resolve the issue.
2026-05-18 11:20:03 0 [Warning] InnoDB: Ignoring tablespace for `phpmyadmin`.`pma__tracking` because it could not be opened.
2026-05-18 11:20:03 0 [ERROR] InnoDB: Operating system error number 3 in a file operation.
2026-05-18 11:20:03 0 [ERROR] InnoDB: The error means the system cannot find the path specified.
2026-05-18 11:20:03 0 [ERROR] InnoDB: If you are installing InnoDB, remember that you must create directories yourself, InnoDB does not create them.
2026-05-18 11:20:03 0 [ERROR] InnoDB: Cannot open datafile for read-only: '.\phpmyadmin\pma__userconfig.ibd' OS error: 203
2026-05-18 11:20:03 0 [ERROR] InnoDB: Operating system error number 203 in a file operation.
2026-05-18 11:20:03 0 [Note] InnoDB: Some operating system error numbers are described at https://mariadb.com/kb/en/library/operating-system-error-codes/
2026-05-18 11:20:03 0 [ERROR] InnoDB: Could not find a valid tablespace file for ``phpmyadmin`.`pma__userconfig``. Please refer to https://mariadb.com/kb/en/innodb-data-dictionary-troubleshooting/ for how to resolve the issue.
2026-05-18 11:20:03 0 [Warning] InnoDB: Ignoring tablespace for `phpmyadmin`.`pma__userconfig` because it could not be opened.
2026-05-18 11:20:03 0 [ERROR] InnoDB: Operating system error number 3 in a file operation.
2026-05-18 11:20:03 0 [ERROR] InnoDB: The error means the system cannot find the path specified.
2026-05-18 11:20:03 0 [ERROR] InnoDB: If you are installing InnoDB, remember that you must create directories yourself, InnoDB does not create them.
2026-05-18 11:20:03 0 [ERROR] InnoDB: Cannot open datafile for read-only: '.\phpmyadmin\pma__usergroups.ibd' OS error: 203
2026-05-18 11:20:03 0 [ERROR] InnoDB: Operating system error number 203 in a file operation.
2026-05-18 11:20:03 0 [Note] InnoDB: Some operating system error numbers are described at https://mariadb.com/kb/en/library/operating-system-error-codes/
2026-05-18 11:20:03 0 [ERROR] InnoDB: Could not find a valid tablespace file for ``phpmyadmin`.`pma__usergroups``. Please refer to https://mariadb.com/kb/en/innodb-data-dictionary-troubleshooting/ for how to resolve the issue.
2026-05-18 11:20:03 0 [Warning] InnoDB: Ignoring tablespace for `phpmyadmin`.`pma__usergroups` because it could not be opened.
2026-05-18 11:20:03 0 [ERROR] InnoDB: Operating system error number 3 in a file operation.
2026-05-18 11:20:03 0 [ERROR] InnoDB: The error means the system cannot find the path specified.
2026-05-18 11:20:03 0 [ERROR] InnoDB: If you are installing InnoDB, remember that you must create directories yourself, InnoDB does not create them.
2026-05-18 11:20:03 0 [ERROR] InnoDB: Cannot open datafile for read-only: '.\phpmyadmin\pma__users.ibd' OS error: 203
2026-05-18 11:20:03 0 [ERROR] InnoDB: Operating system error number 203 in a file operation.
2026-05-18 11:20:03 0 [Note] InnoDB: Some operating system error numbers are described at https://mariadb.com/kb/en/library/operating-system-error-codes/
2026-05-18 11:20:03 0 [ERROR] InnoDB: Could not find a valid tablespace file for ``phpmyadmin`.`pma__users``. Please refer to https://mariadb.com/kb/en/innodb-data-dictionary-troubleshooting/ for how to resolve the issue.
2026-05-18 11:20:03 0 [Warning] InnoDB: Ignoring tablespace for `phpmyadmin`.`pma__users` because it could not be opened.
2026-05-18 11:20:03 0 [Note] InnoDB: 128 out of 128 rollback segments are active.
2026-05-18 11:20:03 0 [Note] InnoDB: Creating shared tablespace for temporary tables
2026-05-18 11:20:03 0 [Note] InnoDB: Setting file 'C:\moodle\server\mysql\data\ibtmp1' size to 12 MB. Physically writing the file full; Please wait ...
2026-05-18 11:20:03 0 [Note] InnoDB: File 'C:\moodle\server\mysql\data\ibtmp1' size is now 12 MB.
2026-05-18 11:20:03 0 [Note] InnoDB: Waiting for purge to start
2026-05-18 11:20:03 0 [Note] InnoDB: 10.4.28 started; log sequence number 31910433; transaction id 57978
2026-05-18 11:20:03 0 [Note] Plugin 'FEEDBACK' is disabled.
2026-05-18 11:20:03 0 [Note] InnoDB: Loading buffer pool(s) from C:\moodle\server\mysql\data\ib_buffer_pool
2026-05-18 11:20:03 0 [Note] Server socket created on IP: '::'.
2026-05-18 11:20:03 0 [Note] Reading of all Master_info entries succeeded
2026-05-18 11:20:03 0 [Note] Added new Master_info '' to hash table
2026-05-18 11:20:03 0 [Note] mysql\bin\mysqld.exe: ready for connections.
Version: '10.4.28-MariaDB'  socket: ''  port: 3306  mariadb.org binary distribution
2026-05-18 11:20:04 0 [Note] InnoDB: Buffer pool(s) load completed at 260518 11:20:04
